siren,siret_siege,nom_entreprise,personne_morale,entreprise_cessee,statut_rcs,forme_juridique,categorie_juridique,code_naf,libelle_code_naf,domaine_activite,tranche_effectif,effectif_min,effectif_max,annee_effectif,date_creation,ville,code_postal,code_commune,adresse_ligne_1,adresse_ligne_2,departement
384351599,38435159900087,INDEX EDUCATION,True,0,Inscrit,"SAS, société par actions simplifiée",5710,58.29C,Édition de logiciels applicatifs,Édition,22,100,199,2022,1992-01-14,IVRY-SUR-SEINE,94200,94041,45 BOULEVARD PAUL VAILLANT COUTURIER,45-47,75
852579184,85257918400023,TALEND,True,0,Inscrit,"SAS, société par actions simplifiée",5710,58.29A,Édition de logiciels système et de réseau,Édition,32,250,499,2022,2019-07-17,SURESNES,92150,92073,5 RUE SALOMON DE ROTHSCHILD,5-7,75
342434156,34243415600374,RIIS SOFTWAY MEDICAL SERVICES,True,0,Inscrit,SA à conseil d'administration (s.a.i.),5599,62.02B,Tierce maintenance de systèmes et d'applications informatiques,"Programmation, conseil et autres activités informatiques",31,200,249,2023,1987-08-26,FUVEAU,13710,13040,29 ALLEE SAINT JEAN,ARTEPARC FUVEAU BATIMENT D,75
602056012,60205601200092,GMDS GRAND MASSIF DOMAINES SKIABLES,True,0,Inscrit,SA à conseil d'administration (s.a.i.),5599,49.39C,Téléphériques et remontées mécaniques,Transports terrestres et transport par conduites,32,250,499,2023,1960-01-01,MAGLAND,74300,74159,LES GRANDES PLATIERES - TELEPHER,TELEPHERIQUE DE FLAINE,75
414433797,41443379700662,LE TANNEUR ET CIE,True,0,Inscrit,SA à conseil d'administration (s.a.i.),5599,46.49Z,Commerce de gros (commerce interentreprises) d'autres biens domestiques,"Commerce de gros, à l'exception des automobiles et des motocycles",22,100,199,2023,1997-11-06,PARIS,75008,75108,7 RUE TRONCHET,,75
414070987,41407098700030,DATALOG FINANCE,True,0,Inscrit,"SAS, société par actions simplifiée",5710,58.29C,Édition de logiciels applicatifs,Édition,21,50,99,2022,1997-10-07,PARIS,75013,75113,25 RUE DE TOLBIAC,,75
399424753,39942475300024,PCE PILOT CORPORATION OF EUROPE,True,0,Inscrit,"SASU, société par actions simplifiée unipersonnelle",5720,46.49Z,Commerce de gros (commerce interentreprises) d'autres biens domestiques,"Commerce de gros, à l'exception des automobiles et des motocycles",31,200,249,2023,1994-12-19,FILLIERE,74370,74282,1 RUE DE L'ECRITURE,SAINT MARTIN BELLEVUE,75
525010708,52501070800010,EUROSTAR INTERNATIONAL LIMITED,True,0,Inscrit,Société commerciale étrangère immatriculée au RCS,3120,52.21Z,Services auxiliaires des transports terrestres,Entreposage et services auxiliaires des transports,22,100,199,2022,2010-09-01,LONDRES,,,TIMES HOUSE BRAVINGTONS WALK,TIME HOUSE,75
499154557,49915455700205,F.INITIATIVES,True,0,Inscrit,"SAS, société par actions simplifiée",5710,70.22Z,Conseil pour les affaires et autres conseils de gestion,Activités des sièges sociaux ; conseil de gestion,32,250,499,2023,2007-07-11,PUTEAUX,92800,92062,14 TERRASSE BELLINI,,75
494938871,49493887100071,FRACHT FRANCE,True,0,Inscrit,"SASU, société par actions simplifiée unipersonnelle",5720,52.29B,Affrètement et organisation des transports,Entreposage et services auxiliaires des transports,22,100,199,2022,2007-02-13,TREMBLAY-EN-FRANCE,93290,93073,7 RUE DU TE,"CARGO 4, BATIMENT 3447, BP 13138",75
308174333,30817433300036,SOCOGEC IN EXTENSO ORNE,True,0,Inscrit,"SAS, société par actions simplifiée",5710,69.20Z,Activités comptables,Activités comptables,21,50,99,2022,1976-01-01,CONDE-SUR-SARTHE,61250,61117,30 RUE D'ALENCON,,75
423703032,42370303200015,GALIAN-SMABTP,True,0,Inscrit,SA à conseil d'administration (s.a.i.),5599,70.22Z,Conseil pour les affaires et autres conseils de gestion,Activités des sièges sociaux ; conseil de gestion,21,50,99,2023,1999-07-20,PARIS,75008,75108,89 RUE LA BOETIE,,75
334027992,33402799200133,TERRITOIRE REDSKINS,True,0,Inscrit,SA à conseil d'administration (s.a.i.),5599,14.13Z,Fabrication de vêtements de dessus,Industrie de l'habillement,21,50,99,2022,1985-10-30,GENNEVILLIERS,92230,92036,31 QUAI DES GRESILLONS,,75
399311745,39931174500026,PDM INDUSTRIES,True,0,Inscrit,"SAS, société par actions simplifiée",5710,17.12Z,Fabrication de papier et de carton,Industrie du papier et du carton,32,250,499,2022,1994-12-16,QUIMPERLE,29300,29233,KERISOLE,,75
494447949,49444794900046,LA FOURCHETTE,True,0,Inscrit,"SAS, société par actions simplifiée",5710,63.11Z,"Traitement de données, hébergement et activités connexes",Services d'information,32,250,499,2023,2007-02-01,PARIS,75009,75109,70 RUE SAINT-LAZARE,,75
422689208,42268920800029,EVIDIAN,True,0,Inscrit,SA à conseil d'administration (s.a.i.),5599,62.02A,Conseil en systèmes et logiciels informatiques,"Programmation, conseil et autres activités informatiques",22,100,199,2023,1999-02-05,LES CLAYES-SOUS-BOIS,78340,78165,AVENUE JEAN JAURES,,75
342479961,34247996100274,CAP HORN,True,0,Inscrit,"SASU, société par actions simplifiée unipersonnelle",5720,47.71Z,Commerce de détail d'habillement en magasin spécialisé,"Commerce de détail, à l'exception des automobiles et des motocycles",21,50,99,2022,1987-10-01,SAINT-JAMES,50240,50487,,ZI DE BEAUFOUR,75
353762743,35376274300071,VALUES.MEDIA,True,0,Inscrit,"SAS, société par actions simplifiée",5710,73.11Z,Activités des agences de publicité,Publicité et études de marché,21,50,99,2022,1990-01-01,PARIS,75011,75111,18 RUE OBERKAMPF,,75
528284441,52828444100052,LANGUAGE CONNEXION FRANCE,True,0,Inscrit,SA à conseil d'administration (s.a.i.),5599,85.59B,Autres enseignements,Enseignement,22,100,199,2022,2010-11-10,BOULOGNE-BILLANCOURT,92100,92012,10 RUE DE L'EST,,75
452256258,45225625800016,SELAS PHARMACIE DU FOUR BONAPARTE,True,0,Inscrit,Société d'exercice libéral par action simplifiée,5785,47.73Z,Commerce de détail de produits pharmaceutiques en magasin spécialisé,"Commerce de détail, à l'exception des automobiles et des motocycles",22,100,199,2022,2004-02-24,PARIS,75006,75106,26 RUE DU FOUR,,75
792791329,79279132900016,SIMPLON.CO,True,0,Inscrit,"SAS, société par actions simplifiée",5710,85.59A,Formation continue d'adultes,Enseignement,31,200,249,2023,2013-04-25,MONTREUIL,93100,93048,55 RUE DE VINCENNES,,75
529505273,52950527300050,NEXTON CONSULTING,True,0,Inscrit,"SAS, société par actions simplifiée",5710,62.01Z,Programmation informatique,"Programmation, conseil et autres activités informatiques",32,250,499,2022,2010-12-22,PARIS,75002,75102,5 RUE SAINT-FIACRE,5-7,75
390230878,39023087800188,AMT TRANSFERT,True,0,Inscrit,"SAS, société par actions simplifiée",5710,49.42Z,Services de déménagement,Transports terrestres et transport par conduites,21,50,99,2022,1993-01-02,COURBEVOIE,92400,92026,130 RUE DE NORMANDIE,,75
784353443,78435344300038,EUROPE MATH,True,0,Inscrit,"SARL, société à responsabilité limitée",5499,85.31Z,Enseignement secondaire général,Enseignement,21,50,99,2022,1973-04-30,PARIS,75009,75109,64 B RUE TAITBOUT,,75
413925942,41392594200042,VICTORIA APPLIQUEE,True,0,Inscrit,"SARL, société à responsabilité limitée",5499,81.21Z,Nettoyage courant des bâtiments,Services relatifs aux bâtiments et aménagement paysager,21,50,99,2022,1997-10-02,PARIS,75012,75112,12 AVENUE DE CORBERA,,75
410254551,41025455100022,STEF LOGISTIQUE LE PLESSIS BELLEVILLE,True,0,Inscrit,"SAS, société par actions simplifiée",5710,52.10A,Entreposage et stockage frigorifique,Entreposage et services auxiliaires des transports,22,100,199,2022,1996-12-17,LE PLESSIS-BELLEVILLE,60330,60500,19 AVENUE DES MEUNIERS,ZI,75
814500757,81450075701267,SAFM,True,0,Inscrit,"SAS, société par actions simplifiée",5710,96.03Z,Services funéraires,Autres services personnels,32,250,499,2023,2015-09-30,PARIS,75013,75113,62 RUE JEANNE D'ARC,62-68,75
388589269,38858926900058,SECAFI EXPERTISE,True,0,Inscrit,SA à conseil d'administration (s.a.i.),5599,69.20Z,Activités comptables,Activités comptables,21,50,99,2022,1992-09-11,PARIS,75013,75113,20 RUE MARTIN BERNARD,20-24,75
400840476,40084047600115,BASILIADE,True,0,Inscrit,Association déclarée,9220,87.90B,Hébergement social pour adultes et familles en difficultés et autre hébergement social,Hébergement médico-social et social,22,100,199,2023,1994-09-01,PARIS,75011,75111,6 RUE DU CHEMIN VERT,,75
342133345,34213334500088,AUDITOIRE,True,0,Inscrit,"SAS, société par actions simplifiée",5710,90.02Z,Activités de soutien au spectacle vivant,"Activités créatives, artistiques et de spectacle",22,100,199,2023,1987-08-12,PARIS,75016,75116,44 RUE COPERNIC,,75
844191981,84419198100084,CARVEN FRANCE,True,0,Inscrit,"SAS, société par actions simplifiée",5710,46.42Z,Commerce de gros (commerce interentreprises) d'habillement et de chaussures,"Commerce de gros, à l'exception des automobiles et des motocycles",21,50,99,2022,2018-11-23,PARIS,75008,75108,4 ROND-POINT DES CHAMPS ELYSEES-MARCEL DASSAULT,4-6,75
481284354,48128435400059,SETELIA,True,0,Inscrit,"SAS, société par actions simplifiée",5710,71.12B,"Ingénierie, études techniques",Activités d'architecture et d'ingénierie ; activités de contrôle et analyses techniques,21,50,99,2022,2005-03-08,PARIS,75002,75102,2 RUE VOLNEY,,75
622012748,62201274801231,SUEZ RV ENERGIE,True,0,Inscrit,"SASU, société par actions simplifiée unipersonnelle",5720,38.21Z,Traitement et élimination des déchets non dangereux,"Collecte, traitement et élimination des déchets ; récupération",32,250,499,2022,1984-06-29,PUTEAUX,92800,92062,4 PLACE DE LA PYRAMIDE,ALTIPLANO,75
394003289,39400328900763,MA NOUVELLE VILLE,True,0,Inscrit,SA à conseil d'administration (s.a.i.),5599,70.22Z,Conseil pour les affaires et autres conseils de gestion,Activités des sièges sociaux ; conseil de gestion,21,50,99,2022,1994-01-01,PARIS,75013,75113,19 QUAI D'AUSTERLITZ,19-21,75
881248165,88124816500014,ELTO FRANCE,True,0,Inscrit,"SAS, société par actions simplifiée",5710,71.12B,"Ingénierie, études techniques",Activités d'architecture et d'ingénierie ; activités de contrôle et analyses techniques,21,50,99,2023,2019-12-20,PARIS,75020,75120,38 AVENUE LEON GAUMONT,,75
429527286,42952728600075,CARL ZEISS MEDITEC FRANCE,True,0,Inscrit,"SAS, société par actions simplifiée",5710,46.46Z,Commerce de gros (commerce interentreprises) de produits pharmaceutiques,"Commerce de gros, à l'exception des automobiles et des motocycles",22,100,199,2022,2000-02-16,RUEIL-MALMAISON,92500,92063,15 AVENUE EDOUARD BELIN,,75
572195550,57219555000171,EDITIONS DALLOZ,True,0,Inscrit,"SASU, société par actions simplifiée unipersonnelle",5720,58.11Z,Édition de livres,Édition,22,100,199,2022,1957-01-01,COURBEVOIE,92400,92026,10 PLACE DES VOSGES,TOUR LEFEBVRE DALLOZ,75
811315167,81131516700064,WESCALE,True,0,Inscrit,"SAS, société par actions simplifiée",5710,62.01Z,Programmation informatique,"Programmation, conseil et autres activités informatiques",21,50,99,2022,2015-05-05,PARIS,75009,75109,34 BOULEVARD HAUSSMANN,,75
562076299,56207629900048,SOC CHLOE,True,0,Inscrit,"SAS, société par actions simplifiée",5710,46.49Z,Commerce de gros (commerce interentreprises) d'autres biens domestiques,"Commerce de gros, à l'exception des automobiles et des motocycles",32,250,499,2023,1956-01-01,PARIS,75008,75108,5 AVENUE PERCIER,5 A 7,75
394765689,39476568900044,EMKA ELECTRONIQUE,True,0,Inscrit,"SASU, société par actions simplifiée unipersonnelle",5720,26.12Z,Fabrication de cartes électroniques assemblées,"Fabrication de produits informatiques, électroniques et optiques",22,100,199,2022,1994-04-15,PRUNIERS-EN-SOLOGNE,41200,41185,RUE DU PATUREAU DE LA GRANGE,,75
392290169,39229016900037,A LOUISIANE,True,0,Inscrit,"SARL, société à responsabilité limitée",5499,81.21Z,Nettoyage courant des bâtiments,Services relatifs aux bâtiments et aménagement paysager,21,50,99,2022,1993-08-01,SURESNES,92150,92073,49 RUE ROUGET DE LISLE,,75
389505850,38950585000195,TEAM MEDIA,True,0,Inscrit,"SASU, société par actions simplifiée unipersonnelle",5720,73.12Z,Régie publicitaire de médias,Publicité et études de marché,21,50,99,2023,1992-11-30,PARIS,75015,75115,10 BOULEVARD DE GRENELLE,,75
775719792,77571979202650,LA PREVENTION ROUTIERE,True,0,Non inscrit,"Association déclarée, reconnue d'utilité publique",9230,94.99Z,Autres organisations fonctionnant par adhésion volontaire,Activités des organisations associatives,22,100,199,2023,1984-03-26,PARIS,75009,75109,33 RUE DE MOGADOR,,75
180092256,18009225600023,APIJ AGENCE PUBLIQUE POUR L'IMMOBILIER DE LA JUSTICE,True,0,Non inscrit,Établissement public national à caractère administratif,7389,84.11Z,Administration publique générale,Administration publique et défense ; sécurité sociale obligatoire,22,100,199,2022,2001-08-31,LE KREMLIN-BICETRE,94270,94043,67 AVENUE DE FONTAINEBLEAU,57-77 IMMEUBLE OKABE,75
390850816,39085081600013,SIMONE TEINTURERIE DE LUXE,True,0,Inscrit,"SAS, société par actions simplifiée",5710,96.01B,Blanchisserie-teinturerie de détail,Autres services personnels,21,50,99,2022,1993-02-26,PARIS,75012,75112,163 RUE DE CHARENTON,,75
482858339,48285833900062,DESTINY FRANCE PARTENAIRES,True,0,Inscrit,"SAS, société par actions simplifiée",5710,61.10Z,Télécommunications filaires,Télécommunications,22,100,199,2022,2005-06-10,CLICHY,92110,92024,37 RUE DE NEUILLY,37 A 39,75
850529256,85052925600016,VIVA PAYMENTS VIVA PAYMENT SERVICES S.A,True,0,Radié,Société commerciale étrangère immatriculée au RCS,3120,66.19B,"Autres activités auxiliaires de services financiers, hors assurance et caisses de retraite, n.c.a.",Activités auxiliaires de services financiers et d'assurance,21,50,99,2023,2019-04-30,,,,18 RUE AMAROUSSIOU CHALANDRIOU 18 20,,75
839929551,83992955100019,SEVENFOR2,True,0,Inscrit,"SAS, société par actions simplifiée",5710,56.10C,Restauration de type rapide,Restauration,21,50,99,2023,2018-05-29,BOULOGNE-BILLANCOURT,92100,92012,44 RUE DE SILLY,,75
572199768,57219976800019,ARIJE SA,True,0,Inscrit,"SAS, société par actions simplifiée",5710,47.77Z,Commerce de détail d'articles d'horlogerie et de bijouterie en magasin spécialisé,"Commerce de détail, à l'exception des automobiles et des motocycles",21,50,99,2022,1957-01-01,PARIS,75008,75108,50 RUE PIERRE CHARRON,,75
817947161,81794716100193,OUIHELP,True,0,Inscrit,"SAS, société par actions simplifiée",5710,88.10A,Aide à domicile,Action sociale sans hébergement,32,250,499,2023,2016-01-14,PARIS,75015,75115,130 RUE DE LOURMEL,,75
813232329,81323232900074,BCS GROUP,True,0,Inscrit,"SASU, société par actions simplifiée unipersonnelle",5720,46.42Z,Commerce de gros (commerce interentreprises) d'habillement et de chaussures,"Commerce de gros, à l'exception des automobiles et des motocycles",21,50,99,2022,2015-08-01,PARIS,75008,75108,30 RUE BOISSY D'ANGLAS,,77
562097246,56209724600036,SUCR DISTIL SOUPPES OUVRE FILS,True,0,Inscrit,SA à conseil d'administration (s.a.i.),5599,10.81Z,Fabrication de sucre,Industries alimentaires,22,100,199,2023,1956-01-01,PARIS,75017,75117,60 RUE DE LA JONQUIERE,,77
775629058,77562905800139,RABONI IDF,True,0,Inscrit,"SAS, société par actions simplifiée",5710,46.73A,Commerce de gros (commerce interentreprises) de bois et de matériaux de construction,"Commerce de gros, à l'exception des automobiles et des motocycles",32,250,499,2023,1983-09-13,BOULOGNE-BILLANCOURT,92100,92012,69 BOULEVARD DE LA REPUBLIQUE,69-71,77
417976263,41797626300018,COCHERY ILE DE FRANCE,True,0,Inscrit,"SAS, société par actions simplifiée",5710,42.11Z,Construction de routes et autoroutes,Génie civil,22,100,199,2022,1998-02-26,PIERRELAYE,95480,95488,CHEMIN DU PARC,,77
623780178,62378017800033,SOUFFLET VIGNE,True,0,Inscrit,"SAS, société par actions simplifiée",5710,46.75Z,Commerce de gros (commerce interentreprises) de produits chimiques,"Commerce de gros, à l'exception des automobiles et des motocycles",32,250,499,2023,1962-01-01,LIMAS,69400,69115,RTE NATIONALE 6,LE PONT ROUGE,77
353054299,35305429900139,AUTODESK FRANCE,True,0,Inscrit,"SASU, société par actions simplifiée unipersonnelle",5720,58.29C,Édition de logiciels applicatifs,Édition,22,100,199,2023,1989-12-21,PARIS,75012,75112,2 PLACE DES VINS DE FRANCE,2-22,77
311962427,31196242700242,INTERPARKING SERVICES,True,0,Inscrit,"SAS, société par actions simplifiée",5710,52.21Z,Services auxiliaires des transports terrestres,Entreposage et services auxiliaires des transports,22,100,199,2023,1978-01-01,PARIS,75009,75109,5 RUE DU FAUBOURG POISSONNIERE,,77
560502320,56050232000073,SAMAT NORMANDIE,True,0,Inscrit,"SAS, société par actions simplifiée",5710,49.41A,Transports routiers de fret interurbains,Transports terrestres et transport par conduites,31,200,249,2022,1956-01-01,GRAND QUEVILLY (LE),76120,76322,8 AV PAUL SABATIER,,77
546780065,54678006500134,BASF HEALTH AND CARE PRODUCTS FRANCE SAS,True,0,Inscrit,"SAS, société par actions simplifiée",5710,20.59Z,Fabrication d'autres produits chimiques n.c.a.,Industrie chimique,31,200,249,2023,1967-01-01,PARIS,75002,75102,176 RUE MONTMARTRE,,77
809076409,80907640900063,ENRTEC,True,0,Inscrit,"SASU, société par actions simplifiée unipersonnelle",5720,71.12B,"Ingénierie, études techniques",Activités d'architecture et d'ingénierie ; activités de contrôle et analyses techniques,21,50,99,2023,2015-01-16,SECLIN,59113,59560,12 RUE DU ROUGE BOUTON,,77
177701315,17770131500224,DTPJJ DIRECTION TERRITORIALE PROTECTION JUDICIAIRE JEUNESSE SEINE ET MARNE,True,0,Non inscrit,Service déconcentré de l'État à compétence (inter) départementale,7172,84.23Z,Justice,Administration publique et défense ; sécurité sociale obligatoire,32,250,499,2022,1976-12-07,MELUN,77000,77288,3 T AVENUE GALLIENI,,77
197709264,19770926400018,LYCEE GENERAL FRANCOIS COUPERIN,True,0,Non inscrit,Établissement public local d'enseignement,7331,85.31Z,Enseignement secondaire général,Enseignement,22,100,199,2022,1965-05-01,FONTAINEBLEAU,77300,77186,ROUTE HURTAULT,,77
318671591,31867159100069,HARPERCOLLINS FRANCE SA,True,0,Inscrit,SA à conseil d'administration (s.a.i.),5599,58.11Z,Édition de livres,Édition,21,50,99,2023,1980-01-01,PARIS,75013,75113,83 BOULEVARD VINCENT AURIOL,83 AU 85,77
437990179,43799017900032,I D K,True,0,Inscrit,"SAS, société par actions simplifiée",5710,46.18Z,Intermédiaires spécialisés dans le commerce d'autres produits spécifiques,"Commerce de gros, à l'exception des automobiles et des motocycles",21,50,99,2022,2000-04-01,EMERAINVILLE,77184,77169,81 AVENUE DE L’EUROPE,ZAC DE LA MALNOUE - 81-85,77
676250038,67625003800012,GAUSSIN S.A.,True,0,Inscrit,SA à conseil d'administration (s.a.i.),5599,28.22Z,Fabrication de matériel de levage et de manutention,Fabrication de machines et équipements n.c.a.,21,50,99,2022,1962-01-01,HERICOURT,70400,70285,11 RUE DU 47E REGIMENT D ARTILLERIE,,77
531993970,53199397000072,LOG'INS ARES GXO,True,0,Inscrit,"SAS, société par actions simplifiée",5710,52.10B,Entreposage et stockage non frigorifique,Entreposage et services auxiliaires des transports,22,100,199,2022,2011-03-11,PANTIN,93500,93055,14 RUE LESAULT,,77
321254161,32125416100078,PROCARS,True,0,Inscrit,SA à conseil d'administration (s.a.i.),5599,49.39A,Transports routiers réguliers de voyageurs,Transports terrestres et transport par conduites,31,200,249,2022,1981-01-01,PROVINS,77160,77379,1 CHAUSSEE DE LA COMTESSE,,77
323181057,32318105700064,TRANSPORTS PREVOST,True,0,Inscrit,"SAS, société par actions simplifiée",5710,49.41A,Transports routiers de fret interurbains,Transports terrestres et transport par conduites,22,100,199,2022,1981-09-15,MITRY-MORY,77290,77294,13 RUE DES FRERES LUMIERE,Z.I. DU MOULIN A VENT,77
719200503,71920050300014,ETABLISSEMENTS SAFAR,True,0,Inscrit,"SAS, société par actions simplifiée",5710,13.92Z,"Fabrication d'articles textiles, sauf habillement",Fabrication de textiles,21,50,99,2022,1971-01-01,ARGENTRE-DU-PLESSIS,35370,35006,30 RUE DES SAULNIERS,,77
523041523,52304152300037,DDM,True,0,Inscrit,"SASU, société par actions simplifiée unipersonnelle",5720,39.00Z,Dépollution et autres services de gestion des déchets,Dépollution et autres services de gestion des déchets,21,50,99,2022,2010-06-07,LE MEE SUR SEINE,77350,77285,RUE J B COLBERT,,77
479523045,47952304500058,MINERIS,True,0,Inscrit,"SAS, société par actions simplifiée",5710,49.41A,Transports routiers de fret interurbains,Transports terrestres et transport par conduites,22,100,199,2023,2004-11-08,AVIGNON,84000,84007,37 RUE PAUL SAIN,CS 40100,77
388302648,38830264800034,MDEF DE GPS LA MAISON DE L'EMPLOI ET DE LA FORMATION DE GRAND PARIS SUD,True,0,Non inscrit,Association déclarée,9220,84.13Z,Administration publique (tutelle) des activités économiques,Administration publique et défense ; sécurité sociale obligatoire,22,100,199,2022,1991-11-04,LIEUSAINT,77127,77251,9 ALLEE DE LA CITOYENNETE,,77
402628838,40262883800136,COLT TECHNOLOGY SERVICES,True,0,Inscrit,"SAS, société par actions simplifiée",5710,61.10Z,Télécommunications filaires,Télécommunications,32,250,499,2022,1995-10-18,MALAKOFF,92240,92046,23 RUE PIERRE VALETTE,23 A 27,77
420833410,42083341000061,DE GUSTIBUS,True,0,Inscrit,"SASU, société par actions simplifiée unipersonnelle",5720,70.22Z,Conseil pour les affaires et autres conseils de gestion,Activités des sièges sociaux ; conseil de gestion,21,50,99,2022,1998-10-01,ISSY-LES-MOULINEAUX,92130,92040,1 ESP DU FONCET,1-3-IMMEUBLE BORDS DE SEINE,77
318148467,31814846700075,SGA BURTON,True,0,Inscrit,"SAS, société par actions simplifiée",5710,47.71Z,Commerce de détail d'habillement en magasin spécialisé,"Commerce de détail, à l'exception des automobiles et des motocycles",32,250,499,2022,1980-01-01,PARIS,75009,75109,14 BOULEVARD POISSONNIERE,14-16,77
327880779,32788077900035,ALPHA T.P,True,0,Inscrit,SA coopérative ouvrière de production (SCOP) à conseil d'administration,5558,42.11Z,Construction de routes et autoroutes,Génie civil,21,50,99,2023,1983-07-15,BRIE-COMTE-ROBERT,77170,77053,9 RUE DU COQ GAULOIS,9-11,77
508601648,50860164800100,HERDEGEN,True,0,Inscrit,"SAS, société par actions simplifiée",5710,32.50A,Fabrication de matériel médico-chirurgical et dentaire,Autres industries manufacturières,22,100,199,2022,2008-10-17,PARIS 15,75015,75115,46 B AVENUE DU MAINE,,77
572230829,57223082900135,ST DUPONT,True,0,Inscrit,SA à conseil d'administration (s.a.i.),5599,32.99Z,Autres activités manufacturières n.c.a.,Autres industries manufacturières,31,200,249,2022,1957-01-01,PARIS,75014,75114,92 BOULEVARD DU MONTPARNASSE,,77
399983097,39998309700011,BIO-VSM LAB,True,0,Inscrit,"SAS, société par actions simplifiée",5710,86.90B,Laboratoires d'analyses médicales,Activités pour la santé humaine,22,100,199,2023,1995-02-09,VAIRES-SUR-MARNE,77360,77479,10 RUE DE LA GARE,,77
382677144,38267714400075,DAIICHI SANKYO FRANCE SAS,True,0,Inscrit,"SAS, société par actions simplifiée",5710,46.46Z,Commerce de gros (commerce interentreprises) de produits pharmaceutiques,"Commerce de gros, à l'exception des automobiles et des motocycles",21,50,99,2023,1991-07-31,RUEIL-MALMAISON,92500,92063,8-10 RUE HENRI SAINTE-CLAIRE DEVILLE,,77
437181076,43718107600013,SOCIETE DE PROSPECTION ET D'INVENTIONS TECHNIQUES SPIT,True,0,Inscrit,"SASU, société par actions simplifiée unipersonnelle",5720,25.73B,Fabrication d'autres outillages,"Fabrication de produits métalliques, à l'exception des machines et des équipements",32,250,499,2022,1971-01-01,BOURG-LES-VALENCE,26500,26058,150 AVENUE DE LYON,,77
534812920,53481292000021,MESSER MEDICAL HOME CARE FRANCE,True,0,Inscrit,"SAS, société par actions simplifiée",5710,77.29Z,Location et location-bail d'autres biens personnels et domestiques,Activités de location et location-bail,21,50,99,2022,2011-09-01,LE BAN-SAINT-MARTIN,57050,57049,36 RUE DES JARDINS,,77
879991370,87999137000047,TRANSDEV MELUN VAL DE SEINE,True,0,Inscrit,Société en nom collectif,5202,49.31Z,Transports urbains et suburbains de voyageurs,Transports terrestres et transport par conduites,32,250,499,2022,2019-12-18,VAUX-LE-PENIL,77000,77487,400 RUE DES TROIS TILLEULS,,77
814075735,81407573500013,WALCO 92,True,0,Inscrit,"EURL, entreprise unipersonnelle à responsabilité limitée",5498,47.30Z,Commerce de détail de carburants en magasin spécialisé,"Commerce de détail, à l'exception des automobiles et des motocycles",22,100,199,2022,2015-10-01,MARQUION,62860,62559,AIRE DE RUMAUCOURT,STATION SHELL AUTOROUTE A26,77
489359067,48935906700134,ZEBORNE,True,0,Inscrit,"SARL, société à responsabilité limitée",5499,62.02A,Conseil en systèmes et logiciels informatiques,"Programmation, conseil et autres activités informatiques",21,50,99,2022,2006-03-21,LEVALLOIS-PERRET,92300,92044,155 RUE ANATOLE FRANCE,155-159,77
504782343,50478234300074,P S I PANDA SERVICES INDUSTRIES,True,0,Inscrit,"SAS, société par actions simplifiée",5710,71.12B,"Ingénierie, études techniques",Activités d'architecture et d'ingénierie ; activités de contrôle et analyses techniques,21,50,99,2022,2008-05-02,MERIGNAC,33700,33281,6 RUE NICOLAS LEBLANC,ZAC SAINT-EXUPERY 2,77
197722747,19772274700015,COLLEGE LA GRANGE DU BOIS,True,0,Non inscrit,Établissement public local d'enseignement,7331,85.31Z,Enseignement secondaire général,Enseignement,21,50,99,2022,1991-09-10,SAVIGNY-LE-TEMPLE,77176,77445,2 AVENUE VICTOR SCHOELCHER,,77
197722937,19772293700012,COLLEGE DEPARTEMENTAL MARIE LAURENCIN,True,0,Non inscrit,Établissement public local d'enseignement,7331,85.31Z,Enseignement secondaire général,Enseignement,21,50,99,2022,1992-01-01,OZOIR-LA-FERRIERE,77330,77350,4 ROUTE DE ROISSY,,77
431950468,43195046800048,BARRE LOGISTIQUE SERVICES,True,0,Inscrit,SA à conseil d'administration (s.a.i.),5599,52.24B,Manutention non portuaire,Entreposage et services auxiliaires des transports,21,50,99,2022,2000-06-21,POINCY,77470,77369,RUE DES ROCHELLES,,77
501683460,50168346000015,LGL LOGISTIQUE GALERIES LAFAYETTE,True,0,Inscrit,"SAS, société par actions simplifiée",5710,52.10B,Entreposage et stockage non frigorifique,Entreposage et services auxiliaires des transports,32,250,499,2023,2007-12-20,PARIS,75009,75109,27 RUE DE LA CHAUSSEE D'ANTIN,,77
311463285,31146328500040,ASS SERVIC SOINS DOMICI TRILPORT & ENVIR,True,0,Non inscrit,Association déclarée,9220,88.10A,Aide à domicile,Action sociale sans hébergement,21,50,99,2022,1900-01-01,TRILPORT,77470,77475,1 RUE MOZART,,77
197724347,19772434700012,COLLEGE LES BLES D'OR,True,0,Non inscrit,Établissement public local d'enseignement,7331,85.31Z,Enseignement secondaire général,Enseignement,21,50,99,2022,2000-09-01,BAILLY-ROMAINVILLIERS,77700,77018,CHEMIN DES ECOLIERS,,77
438112922,43811292200036,AIDOM EXPERT DE PROVINS,True,0,Non inscrit,Association déclarée,9220,88.10A,Aide à domicile,Action sociale sans hébergement,21,50,99,2022,2001-06-01,PROVINS,77160,77379,24 RUE DU COLONEL ARNAUD BELTRAME,,77
434689915,43468991502236,EDF POWER SOLUTIONS FRANCE,True,0,Inscrit,"SASU, société par actions simplifiée unipersonnelle",5720,71.12B,"Ingénierie, études techniques",Activités d'architecture et d'ingénierie ; activités de contrôle et analyses techniques,32,250,499,2023,2001-01-05,NANTERRE,92000,92050,43 BOULEVARD DES BOUVETS,,77
509601282,50960128200445,ALTITUDE INFRASTRUCTURE CONSTRUCTION,True,0,Inscrit,"SAS, société par actions simplifiée",5710,42.22Z,Construction de réseaux électriques et de télécommunications,Génie civil,32,250,499,2023,2008-12-19,COURBEVOIE,92400,92026,1 B PLACE DE LA DEFENSE,TOUR TRINITY,77
348935131,34893513100071,ALPHAPRIM,True,0,Inscrit,"SAS, société par actions simplifiée",5710,46.39B,Commerce de gros (commerce interentreprises) alimentaire non spécialisé,"Commerce de gros, à l'exception des automobiles et des motocycles",21,50,99,2022,1989-01-01,LIEUSAINT,77127,77251,BD D'ITALIE,ZA PARISUD 1,77
382723567,38272356700055,MAINFREIGHT FRANCE,True,0,Inscrit,SA à conseil d'administration (s.a.i.),5599,52.29B,Affrètement et organisation des transports,Entreposage et services auxiliaires des transports,22,100,199,2022,1991-04-02,MITRY-MORY,77290,77294,RUE CHARLES DE COULOMB,ZONE INDUSTRIELLE MITRY 1,77
417552460,41755246000095,AXEREAL SERVICES,True,0,Inscrit,"SAS, société par actions simplifiée",5710,49.41B,Transports routiers de fret de proximité,Transports terrestres et transport par conduites,21,50,99,2022,1998-02-02,OLIVET,45160,45232,36 RUE DE LA MANUFACTURE,,78
527594493,52759449300027,OUTSCALE,True,0,Inscrit,"SAS, société par actions simplifiée",5710,63.11Z,"Traitement de données, hébergement et activités connexes",Services d'information,31,200,249,2022,2010-10-01,SAINT-CLOUD,92210,92064,1 RUE ROYALE,319 BUREAUX DE LA COLLINE,78
410383533,41038353300164,DIEBOLD NIXDORF,True,0,Inscrit,"SAS, société par actions simplifiée",5710,95.11Z,Réparation d'ordinateurs et d'équipements périphériques,Réparation d'ordinateurs et de biens personnels et domestiques,32,250,499,2022,1996-12-24,VELIZY-VILLACOUBLAY,78140,78640,6 AVENUE MORANE SAULNIER,3 RUE PAUL DAUTIER,78
441703352,44170335200027,A.J.P.L.,True,0,Inscrit,"SASU, société par actions simplifiée unipersonnelle",5720,47.11D,Supermarchés,"Commerce de détail, à l'exception des automobiles et des motocycles",21,50,99,2023,2002-04-12,JUZIERS,78820,78327,233 AVENUE DE PARIS,,78
317924462,31792446200045,LABORATOIRES GRIMBERG,True,0,Inscrit,"SAS, société par actions simplifiée",5710,21.20Z,Fabrication de préparations pharmaceutiques,Industrie pharmaceutique,21,50,99,2022,1980-01-01,LEVALLOIS-PERRET,92300,92044,44 AVENUE GEORGES POMPIDOU,,78
217800150,21780015000013,COMMUNE D ANDRESY,True,0,Non inscrit,Commune et commune nouvelle,7210,84.11Z,Administration publique générale,Administration publique et défense ; sécurité sociale obligatoire,32,250,499,2022,1980-01-01,ANDRESY,78570,78015,4 BOULEVARD NOEL MARC,,78
552005969,55200596901439,CEMEX GRANULATS,True,0,Inscrit,SA à conseil d'administration (s.a.i.),5599,08.12Z,"Exploitation de gravières et sablières, extraction d'argiles et de kaolin",Autres industries extractives,32,250,499,2022,1984-01-01,RUNGIS,94150,94065,13 RUE DU CAPRICORNE,,78
775715683,77571568300014,MUTUELLE DE POITIERS ASSURANCES,True,0,Non inscrit,Société d'assurance à forme mutuelle,6411,65.12Z,Autres assurances,Assurance,32,250,499,2023,1971-09-01,LIGUGE,86240,86133,LD BOIS DU FIEF CLAIRET,,78
399399344,39939934400197,INOVIE BIO-CLINIC,True,0,Inscrit,Société d'exercice libéral par action simplifiée,5785,86.90B,Laboratoires d'analyses médicales,Activités pour la santé humaine,22,100,199,2023,1994-09-30,VILLENEUVE-LA-GARENNE,92390,92078,63 AVENUE DE VERDUN,63-65-88-90-94 VOIE PROMENADE ET,78
529038978,52903897800118,ODIGO,True,0,Inscrit,"SASU, société par actions simplifiée unipersonnelle",5720,63.11Z,"Traitement de données, hébergement et activités connexes",Services d'information,32,250,499,2022,2010-11-18,BOULOGNE-BILLANCOURT,92100,92012,50 COURS DE L'ILE SEGUIN,,78
385197843,38519784300035,VISHAY MCB INDUSTRIE,True,0,Inscrit,"SASU, société par actions simplifiée unipersonnelle",5720,27.90Z,Fabrication d'autres matériels électriques,Fabrication d'équipements électriques,31,200,249,2022,1992-04-01,CHATEAU-GONTIER-SUR-MAYENNE,53200,53062,RUE DE LA GRANDE NOE,,78
330840943,33084094300063,BEST OF TV,True,0,Inscrit,"SAS, société par actions simplifiée",5710,46.90Z,Commerce de gros (commerce interentreprises) non spécialisé,"Commerce de gros, à l'exception des automobiles et des motocycles",21,50,99,2022,1984-08-21,CERGY,95800,95127,47 AVENUE DES GENOTTES,,78
399777929,39977792900528,MOBIPOLIS,True,0,Non inscrit,Association déclarée,9220,85.59A,Formation continue d'adultes,Enseignement,32,250,499,2022,1995-01-01,MEUDON,92190,92048,43 ROUTE DE VAUGIRARD,,78
518990700,51899070000016,2JDL,True,0,Inscrit,"SAS, société par actions simplifiée",5710,46.42Z,Commerce de gros (commerce interentreprises) d'habillement et de chaussures,"Commerce de gros, à l'exception des automobiles et des motocycles",21,50,99,2023,2009-12-14,PARIS,75008,75108,3 AVENUE HOCHE,,78
433722147,43372214700074,ALES GROUPE INDUSTRIE,True,0,Inscrit,"SAS, société par actions simplifiée",5710,20.42Z,Fabrication de parfums et de produits pour la toilette,Industrie chimique,21,50,99,2022,2000-11-09,BEZONS,95870,95063,89 RUE SALVADOR ALLENDE,,78
784671497,78467149700385,ANFA ASS NATIONALE FORMATION AUTOMOBILE,True,0,Non inscrit,Association déclarée,9220,82.99Z,Autres activités de soutien aux entreprises n.c.a.,Activités administratives et autres activités de soutien aux entreprises,21,50,99,2022,1984-06-18,MEUDON,92190,92048,43 B ROUTE DE VAUGIRARD,,78
403215643,40321564300020,SARDRIVE,True,0,Inscrit,"SAS, société par actions simplifiée",5710,56.10C,Restauration de type rapide,Restauration,21,50,99,2022,1995-12-16,SARTROUVILLE,78500,78586,1 AVENUE DE LA CONVENTION,,78
412970659,41297065900089,EURELEC DISTRIBUTION,True,0,Inscrit,"SAS, société par actions simplifiée",5710,46.69C,Commerce de gros (commerce interentreprises) de fournitures et équipements divers pour le commerce et les services,"Commerce de gros, à l'exception des automobiles et des motocycles",21,50,99,2022,1997-06-01,CROISSY-BEAUBOURG,77183,77146,9 RUE AMBROISE CROIZAT,,78
197805070,19780507000012,COLLEGE AUGUSTE RENOIR,True,0,Non inscrit,Établissement public local d'enseignement,7331,85.31Z,Enseignement secondaire général,Enseignement,21,50,99,2022,1972-02-18,CHATOU,78400,78146,71 RUE AUGUSTE RENOIR,,78
177800059,17780005900012,TA TRIBUNAL ADMINISTRATIF DE VERSAILLES,True,0,Non inscrit,Autre service déconcentré de l'État à compétence territoriale,7179,84.23Z,Justice,Administration publique et défense ; sécurité sociale obligatoire,22,100,199,2022,1991-04-01,VERSAILLES,78000,78646,56 AVENUE DE SAINT-CLOUD,,78
778293084,77829308400035,ASSOCIATION MAISONS JEANNE-ANTIDE,True,0,Non inscrit,Association déclarée,9220,87.30A,Hébergement social pour personnes âgées,Hébergement médico-social et social,32,250,499,2022,1900-01-01,BESANCON,25000,25056,2 RUE DES MARTELOTS,,78
812022309,81202230900023,HENSOLDT FRANCE SAS,True,0,Inscrit,"SASU, société par actions simplifiée unipersonnelle",5720,26.51A,Fabrication d'équipements d'aide à la navigation,"Fabrication de produits informatiques, électroniques et optiques",21,50,99,2022,2015-05-18,PLAISIR,78370,78490,115 AVENUE DE DREUX,ZAC SAINT APOLLINE,78
378735534,37873553400026,LATESYS,True,0,Inscrit,"SAS, société par actions simplifiée",5710,82.99Z,Autres activités de soutien aux entreprises n.c.a.,Activités administratives et autres activités de soutien aux entreprises,32,250,499,2022,1990-06-20,SAINTE-FOY-D'AIGREFEUILLE,31570,31480,1 AVENUE PIERRE GEORGES LATECOERE,,78
342174018,34217401800354,GEOFIT,True,0,Inscrit,Société d'exercice libéral par action simplifiée,5785,71.12A,Activité des géomètres,Activités d'architecture et d'ingénierie ; activités de contrôle et analyses techniques,32,250,499,2023,1987-08-01,NANTES,44300,44109,7 RUE ALFRED KASTLER,,78
810685222,81068522200020,ASSADIA IDF 3,True,0,Inscrit,"SARL, société à responsabilité limitée",5499,88.91A,Accueil de jeunes enfants,Action sociale sans hébergement,22,100,199,2023,2015-03-26,RUEIL-MALMAISON,92500,92063,106 AVENUE ALBERT 1ER,LE PATIO,78
304974249,30497424900373,MERCEDES-BENZ FINANCIAL SERVICES FRANCE,True,0,Inscrit,SA à conseil d'administration (s.a.i.),5599,64.91Z,Crédit-bail,"Activités des services financiers, hors assurance et caisses de retraite",31,200,249,2022,1973-01-01,MONTIGNY LE BRETONNEUX,78180,78423,7 AV NIEPCE,,78
412397531,41239753100051,WATELET TP,True,0,Inscrit,"SAS, société par actions simplifiée",5710,42.11Z,Construction de routes et autoroutes,Génie civil,32,250,499,2022,1997-05-30,GENNEVILLIERS,92230,92036,7 ROUTE PRINCIPALE DU PORT,,78
400432019,40043201900034,TAKARA BIO EUROPE,True,0,Inscrit,"SAS, société par actions simplifiée",5710,46.75Z,Commerce de gros (commerce interentreprises) de produits chimiques,"Commerce de gros, à l'exception des automobiles et des motocycles",21,50,99,2022,1995-03-13,SAINT-GERMAIN-EN-LAYE,78100,78551,34 RUE DE LA CROIX DE FER,,78
339637100,33963710000076,FGR SA SA FINANCIERE ET GESTION RAISON,True,0,Inscrit,SA à directoire (s.a.i.),5699,64.20Z,Activités des sociétés holding,"Activités des services financiers, hors assurance et caisses de retraite",21,50,99,2023,1986-12-15,NANTES,44200,44109,3 MAIL DU FRONT POPULAIRE,,78
445078470,44507847000025,BATIWEB.COM,True,0,Inscrit,"SAS, société par actions simplifiée",5710,82.99Z,Autres activités de soutien aux entreprises n.c.a.,Activités administratives et autres activités de soutien aux entreprises,21,50,99,2022,2003-01-01,MONTIGNY-LE-BRETONNEUX,78180,78423,41 AVENUE DU CENTRE,IMM LE PLEIN CENTRE 2,78
410321004,41032100400013,PLM RESTAURATION,True,0,Inscrit,"EURL, entreprise unipersonnelle à responsabilité limitée",5498,56.10C,Restauration de type rapide,Restauration,21,50,99,2022,1997-01-03,PLAISIR,78370,78490,AVENUE DE SAINT-GERMAIN,ZAC DE L AQUEDUC DE L AVRE,78
392015186,39201518600019,CMCE CENTRE HOSPITALIER PRIVE DE L'EUROPE,True,0,Inscrit,"SAS, société par actions simplifiée",5710,86.10Z,Activités hospitalières,Activités pour la santé humaine,32,250,499,2022,1993-08-01,LE PORT-MARLY,78560,78502,9 B RUE DE SAINT GERMAIN,,78
478753353,47875335300315,LES ELEVEURS DE LA CHARENTONNE,True,0,Inscrit,"SAS, société par actions simplifiée",5710,10.11Z,Transformation et conservation de la viande de boucherie,Industries alimentaires,32,250,499,2023,2004-08-02,GACE,61230,61181,IMPASSE DES ANCIENS ABATTOIRS,ZONE DE LA BAZANNE,78
419759089,41975908900073,AQUILA EVENT,True,0,Inscrit,"SASU, société par actions simplifiée unipersonnelle",5720,90.02Z,Activités de soutien au spectacle vivant,"Activités créatives, artistiques et de spectacle",21,50,99,2023,1998-07-20,ELANCOURT,78990,78208,65 AVENUE GEORGES POLITZER,,78
200058519,20005851900071,CA SAINT GERMAIN BOUCLES DE SEINE,True,0,Non inscrit,Communauté d'agglomération,7348,84.11Z,Administration publique générale,Administration publique et défense ; sécurité sociale obligatoire,21,50,99,2022,2016-01-01,LE PECQ,78230,78481,66 ROUTE DE SARTROUVILLE,PARC DES ERABLES - BATIMENT 4 - 3,78
520352832,52035283200049,PASSION BEAUTE DEVELOPPEMENT,True,0,Inscrit,"SARL, société à responsabilité limitée",5499,47.75Z,Commerce de détail de parfumerie et de produits de beauté en magasin spécialisé,"Commerce de détail, à l'exception des automobiles et des motocycles",21,50,99,2022,2010-02-08,FONTENAY-SOUS-BOIS,94120,94033,231 RUE LA FONTAINE,,78
379150246,37915024600047,VTECH ELECTRONICS EUROPE,True,0,Inscrit,"SAS, société par actions simplifiée",5710,46.18Z,Intermédiaires spécialisés dans le commerce d'autres produits spécifiques,"Commerce de gros, à l'exception des automobiles et des motocycles",21,50,99,2022,1990-09-01,CROISSY-SUR-SEINE,78290,78190,24 ALLEE DES SABLIERES,,78
815085659,81508565900028,SILICON MOBILITY,True,0,Inscrit,"SASU, société par actions simplifiée unipersonnelle",5720,46.52Z,Commerce de gros (commerce interentreprises) de composants et d'équipements électroniques et de télécommunication,"Commerce de gros, à l'exception des automobiles et des motocycles",21,50,99,2023,2015-12-03,VALBONNE,06560,06152,535 ROUTE DES LUCIOLES,LES AQUEDUCS BATIMENT 2,78
197805781,19780578100014,COLLEGE PABLO PICASSO,True,0,Non inscrit,Établissement public local d'enseignement,7331,85.31Z,Enseignement secondaire général,Enseignement,21,50,99,2022,1973-03-28,MONTESSON,78360,78418,25 RUE CHARLES CONSTANTIN,,78
629802778,62980277800064,H. CHEVALIER,True,0,Inscrit,"SASU, société par actions simplifiée unipersonnelle",5720,43.99C,Travaux de maçonnerie générale et gros œuvre de bâtiment,Travaux de construction spécialisés,22,100,199,2022,1900-01-01,SURESNES,92150,92073,26 RUE HENRI REGNAULT,,78
682041496,68204149600113,ELAN,True,0,Inscrit,"SARL, société à responsabilité limitée",5499,71.12B,"Ingénierie, études techniques",Activités d'architecture et d'ingénierie ; activités de contrôle et analyses techniques,22,100,199,2022,1983-12-01,GUYANCOURT,78280,78297,1 AVENUE EUGENE FREYSSINET,,78
488069105,48806910500192,NEPSEN,True,0,Inscrit,"SAS, société par actions simplifiée",5710,71.12B,"Ingénierie, études techniques",Activités d'architecture et d'ingénierie ; activités de contrôle et analyses techniques,22,100,199,2022,2006-01-17,VINCENNES,94300,94080,8 RUE CHARLES PATHE,,91
399649862,39964986200048,MAIN FORTE,True,0,Inscrit,SA à conseil d'administration (s.a.i.),5599,49.41B,Transports routiers de fret de proximité,Transports terrestres et transport par conduites,21,50,99,2023,1995-01-02,HARNES,62440,62413,RUE GILBERT GHEYSENS,PARC D'ACTIVITE DE LA MOTTE DU BOIS,91
338594260,33859426000071,SET ENVIRONNEMENT,True,0,Inscrit,"SAS, société par actions simplifiée",5710,39.00Z,Dépollution et autres services de gestion des déchets,Dépollution et autres services de gestion des déchets,22,100,199,2022,1986-09-01,WISSOUS,91320,91689,2 RUE DES FRERES VOISIN,ZAC DU HAUT WISSOUS,91
130012453,13001245300036,DDPP DIRECTION DEPARTEMENTALE DE LA PROTECTION DES POPULATIONS ESSONNE,True,0,Non inscrit,Service déconcentré de l'État à compétence (inter) départementale,7172,84.12Z,"Administration publique (tutelle) de la santé, de la formation, de la culture et des services sociaux, autre que sécurité sociale",Administration publique et défense ; sécurité sociale obligatoire,21,50,99,2022,2010-07-01,EVRY-COURCOURONNES,91000,91228,BOULEVARD DE FRANCE - GEORGES POMPIDOU,,91
967504945,96750494500338,MAINTRONIC,True,0,Inscrit,"SASU, société par actions simplifiée unipersonnelle",5720,95.11Z,Réparation d'ordinateurs et d'équipements périphériques,Réparation d'ordinateurs et de biens personnels et domestiques,22,100,199,2023,1967-01-01,SAINT-PRIEST,69800,69290,155 ROUTE DE GRENOBLE,,91
408342616,40834261600062,IPSEN INNOVATION,True,0,Inscrit,"SASU, société par actions simplifiée unipersonnelle",5720,72.11Z,Recherche-développement en biotechnologie,Recherche-développement scientifique,32,250,499,2023,1996-07-11,PARIS 15,75015,75115,70 RUE BALARD,,91
818993024,81899302400079,CURIUM HOLDING FRANCE,True,0,Inscrit,"SAS, société par actions simplifiée",5710,64.20Z,Activités des sociétés holding,"Activités des services financiers, hors assurance et caisses de retraite",21,50,99,2022,2016-03-07,PARIS,75008,75108,12 RUE LORD BYRON,,91
306865601,30686560100059,MEO,True,0,Inscrit,"SAS, société par actions simplifiée",5710,16.23Z,Fabrication de charpentes et d'autres menuiseries,"Travail du bois et fabrication d'articles en bois et en liège, à l'exception des meubles ; fabrication d'articles en vannerie et sparterie",32,250,499,2022,1976-01-01,CUGAND,85610,85076,163 IMPASSE GUSTAVE SAY,Z A DU MORTIER,91
337793301,33779330100058,ERCE PLASTURGIE,True,0,Inscrit,"SAS, société par actions simplifiée",5710,29.32Z,Fabrication d'autres équipements automobiles,Industrie automobile,21,50,99,2022,1986-04-11,OYONNAX,01100,01283,VEYZIAT,220 ROUTE D'ARFONTAINE ZI NORD,91
840637383,84063738300042,QUANTEL TECHNOLOGIES,True,0,Inscrit,"SASU, société par actions simplifiée unipersonnelle",5720,72.19Z,Recherche-développement en autres sciences physiques et naturelles,Recherche-développement scientifique,21,50,99,2022,2018-06-19,VILLEJUST,91140,91666,15 RUE DU ZEPHIR,,91
775666175,77566617500366,CAES COMITE ACTION ENTRAIDE SOCIALE DU CNRS,True,0,Non inscrit,Association déclarée,9220,55.20Z,Hébergement touristique et autre hébergement de courte durée,Hébergement,22,100,199,2022,1971-10-29,VINCENNES,94300,94080,2 ALLEE GEORGES MELIES,,91
528978844,52897884400058,C.W.M FEED MANAGER,True,0,Inscrit,"SAS, société par actions simplifiée",5710,70.22Z,Conseil pour les affaires et autres conseils de gestion,Activités des sièges sociaux ; conseil de gestion,21,50,99,2022,2011-01-03,BORDEAUX,33000,33063,16 QUAI LOUIS XVIII,,91
808230767,80823076700036,PMB CONSTRUCTIONS,True,0,Inscrit,"SAS, société par actions simplifiée",5710,41.20B,Construction d'autres bâtiments,Construction de bâtiments,21,50,99,2022,2014-11-18,VILLIERS-SUR-ORGE,91700,91685,6 RUE MARIE CURIE,,91
199107277,19910727700014,"LPO LYCEE POLYVALENT PARC DE VILGENIS, LYCEE DES METIERS DU NUMERIQUE, DE L'INDUSTRIE ET DES SERVICES",True,0,Non inscrit,Établissement public local d'enseignement,7331,85.31Z,Enseignement secondaire général,Enseignement,32,250,499,2022,1967-10-09,MASSY,91300,91377,80 RUE DE VERSAILLES,,91
350798971,35079897100015,CAR COTE D AZUR ROUTAGE,True,0,Inscrit,"SARL, société à responsabilité limitée",5499,82.19Z,"Photocopie, préparation de documents et autres activités spécialisées de soutien de bureau",Activités administratives et autres activités de soutien aux entreprises,21,50,99,2022,1989-04-07,CARROS,06510,06033,16 RUE CASIER 3,,91
966202012,96620201200037,SOCIETE CARTRY ET COMPAGNIE,True,0,Inscrit,"SAS, société par actions simplifiée",5710,46.33Z,"Commerce de gros (commerce interentreprises) de produits laitiers, œufs, huiles et matières grasses comestibles","Commerce de gros, à l'exception des automobiles et des motocycles",21,50,99,2022,1966-01-01,CLERMONT-FERRAND,63100,63113,33 RUE NEWTON,ZI DU BREZET,91
804820082,80482008200019,INTERACT SOFTWARE,True,0,Inscrit,"SAS, société par actions simplifiée",5710,62.02A,Conseil en systèmes et logiciels informatiques,"Programmation, conseil et autres activités informatiques",21,50,99,2022,2014-09-15,WISSOUS,91320,91689,6 RUE COLBERT,ZAC DE MONTAVAS,91
393753009,39375300900025,MODU,True,0,Inscrit,"SAS, société par actions simplifiée",5710,47.11F,Hypermarchés,"Commerce de détail, à l'exception des automobiles et des motocycles",22,100,199,2022,1994-01-17,ITTEVILLE,91760,91315,ROUTE DE LA FERTE-ALAIS,,91
968201905,96820190500039,GARAGE DU CHATEAU,True,0,Inscrit,"SAS, société par actions simplifiée",5710,45.11Z,Commerce de voitures et de véhicules automobiles légers,Commerce et réparation d'automobiles et de motocycles,21,50,99,2022,1968-01-01,SAINTE-GENEVIEVE-DES-BOIS,91700,91549,4 AVENUE DU BOUT DU PLESSIS,ZAC LA CROIX BLANCHE,91
438725723,43872572300011,UTAC FRANCE,True,0,Inscrit,"SAS, société par actions simplifiée",5710,71.12B,"Ingénierie, études techniques",Activités d'architecture et d'ingénierie ; activités de contrôle et analyses techniques,32,250,499,2022,2001-08-01,LINAS,91310,91339,MONTLHERY,AUTODROME LINAS- MONTLHERY,91
966201725,96620172500043,TRAVAUX PUBLICS DE SOISY,True,0,Inscrit,"SAS, société par actions simplifiée",5710,42.21Z,Construction de réseaux pour fluides,Génie civil,22,100,199,2022,1966-01-01,MILLY-LA-FORET,91490,91405,6 RUE DE LA MONTAGNE DE MAISSE,ZA DU CHENET,91
906180096,90618009600016,ENTREPRISE MARIE ET COMPAGNIE,True,0,Inscrit,"SASU, société par actions simplifiée unipersonnelle",5720,43.91B,Travaux de couverture par éléments,Travaux de construction spécialisés,21,50,99,2023,1961-01-01,REMILLY LES MARAIS,50570,50431,6 RUE DU MARAIS,,91
483446308,48344630800098,CAP ENFANTS,True,0,Inscrit,"SAS, société par actions simplifiée",5710,88.91A,Accueil de jeunes enfants,Action sociale sans hébergement,22,100,199,2022,2005-07-25,GENNEVILLIERS,92230,92036,9 ALLEE DES BARBANNIERS,,91
572072106,57207210600030,ARTUS,True,0,Inscrit,"SAS, société par actions simplifiée",5710,27.11Z,"Fabrication de moteurs, génératrices et transformateurs électriques",Fabrication d'équipements électriques,32,250,499,2022,1971-01-01,AVRILLE,49240,49015,CHEMIN DU CHAMP DES MARTYRS,,91
315105858,31510585800015,ATLANTICO,True,0,Inscrit,"SAS, société par actions simplifiée",5710,45.11Z,Commerce de voitures et de véhicules automobiles légers,Commerce et réparation d'automobiles et de motocycles,21,50,99,2022,1979-01-01,SAINTE-GENEVIEVE-DES-BOIS,91700,91549,17 ROUTE DE CORBEIL,NUM VOIE 17-19,91
821097441,82109744100017,DOCUMENTHOM CENTRE VAL DE LOIRE,True,0,Inscrit,"SAS, société par actions simplifiée",5710,70.22Z,Conseil pour les affaires et autres conseils de gestion,Activités des sièges sociaux ; conseil de gestion,22,100,199,2022,2016-06-21,SEMOY,45400,45308,810 RUE LEONARD DE VINCI,,91
333813251,33381325100282,SAFETY-KLEEN FRANCE SERVICES,True,0,Inscrit,"SAS, société par actions simplifiée",5710,78.30Z,Autre mise à disposition de ressources humaines,Activités liées à l'emploi,21,50,99,2023,1985-08-26,SAINT-DENIS,93200,93066,53 BOULEVARD ORNANO,,91
906350319,90635031900024,BOYER,True,0,Inscrit,"SAS, société par actions simplifiée",5710,41.20B,Construction d'autres bâtiments,Construction de bâtiments,21,50,99,2022,1963-01-01,EVRY-COURCOURONNES,91000,91228,52 BD DE L'YERRES,CARRE HAUSSMANN,91
309608545,30960854500013,CIORTF COMIT INTERENTREPRISES ORGAN RADIO TELEV,True,0,Non inscrit,Comité social économique d’entreprise,8310,94.20Z,Activités des syndicats de salariés,Activités des organisations associatives,22,100,199,2022,1900-01-01,PARIS,75016,75116,116 AVENUE DU PRESIDENT KENNEDY,,91
803822360,80382236001298,WKDA FRANCE,True,0,Inscrit,"SASU, société par actions simplifiée unipersonnelle",5720,45.11Z,Commerce de voitures et de véhicules automobiles légers,Commerce et réparation d'automobiles et de motocycles,32,250,499,2023,2014-07-29,CHATILLON,92320,92020,107 AVENUE DE LA REPUBLIQUE,,91
789591880,78959188000537,IDC FORMATION,True,0,Inscrit,"SAS, société par actions simplifiée",5710,85.59A,Formation continue d'adultes,Enseignement,21,50,99,2023,2012-10-22,BOULOGNE-BILLANCOURT,92100,92012,13 RUE VICTOR GRIFFUELHES,,91
824395495,82439549500024,BIMBO QSR PLESSIS,True,0,Inscrit,"SASU, société par actions simplifiée unipersonnelle",5720,10.71A,Fabrication industrielle de pain et de pâtisserie fraîche,Industries alimentaires,21,50,99,2022,2016-11-22,LE PLESSIS-PATE,91220,91494,17 RUE DE LA MARE AUX JONCS,,91
450103031,45010303100172,VIVALIANS,True,0,Inscrit,"SAS, société par actions simplifiée",5710,85.59A,Formation continue d'adultes,Enseignement,21,50,99,2023,2003-09-15,MARTIN-EGLISE,76370,76414,19 RUE DES FRERES ROBBE,,91
529761306,52976130600040,CST,True,0,Inscrit,"SASU, société par actions simplifiée unipersonnelle",5720,49.41B,Transports routiers de fret de proximité,Transports terrestres et transport par conduites,21,50,99,2023,2011-01-12,DARVOY,45150,45123,6 RUE DU CLOS BEAUDOIN,,91
824110613,82411061300018,SERMA TECHNOLOGIES,True,0,Inscrit,"SAS, société par actions simplifiée",5710,71.20B,"Analyses, essais et inspections techniques",Activités d'architecture et d'ingénierie ; activités de contrôle et analyses techniques,31,200,249,2022,2016-11-30,PESSAC,33600,33318,14 RUE GALILEE,,91
306247255,30624725500103,MRC GLOBAL (FRANCE) SAS,True,0,Inscrit,"SASU, société par actions simplifiée unipersonnelle",5720,46.69B,Commerce de gros (commerce interentreprises) de fournitures et équipements industriels divers,"Commerce de gros, à l'exception des automobiles et des motocycles",21,50,99,2022,1976-01-01,CERGY,95800,95127,21 RUE DU PETIT ALBI,IMMEUBLE LE CERIANTHE 21-23,91
199108598,19910859800012,COLLEGE GERARD PHILIPE,True,0,Non inscrit,Établissement public local d'enseignement,7331,85.31Z,Enseignement secondaire général,Enseignement,21,50,99,2022,1968-07-09,MASSY,91300,91377,9 RUE DE MIGNEAUX,,91
435285077,43528507700614,GOELIA GESTION,True,0,Inscrit,"SAS, société par actions simplifiée",5710,55.20Z,Hébergement touristique et autre hébergement de courte durée,Hébergement,32,250,499,2023,2001-04-04,EVRY-COURCOURONNES,91000,91228,114 ALL DES CHAMPS ELYSEES,IMMEUBLE L'EUROPEEN,91
890441223,89044122300033,FONCIA,True,0,Inscrit,"SAS, société par actions simplifiée",5710,55.20Z,Hébergement touristique et autre hébergement de courte durée,Hébergement,32,250,499,2023,2020-10-23,COURBEVOIE,92400,92026,18 PLACE DES REFLETS,18-19 - TOUR AURORE,92
879900462,87990046200018,IFCV APPRENTISSAGE,True,0,Inscrit,"SARL, société à responsabilité limitée",5499,85.59A,Formation continue d'adultes,Enseignement,21,50,99,2022,2019-12-12,LEVALLOIS-PERRET,92300,92044,70 RUE ANATOLE FRANCE,,92
751095712,75109571200046,AFFLELOU,True,0,Inscrit,"SAS, société par actions simplifiée",5710,64.20Z,Activités des sociétés holding,"Activités des services financiers, hors assurance et caisses de retraite",21,50,99,2022,2012-04-19,COURBEVOIE,92400,92026,1 B PLACE DE LA DEFENSE,TOUR TRINITY,92
302475728,30247572800085,MEDIABRANDS,True,0,Inscrit,"SAS, société par actions simplifiée",5710,73.12Z,Régie publicitaire de médias,Publicité et études de marché,22,100,199,2022,1975-01-01,NEUILLY-SUR-SEINE,92200,92051,28 BOULEVARD DU PARC,28-34,92
632041877,63204187700143,GUINOT,True,0,Inscrit,"SAS, société par actions simplifiée",5710,20.42Z,Fabrication de parfums et de produits pour la toilette,Industrie chimique,32,250,499,2022,1963-01-01,NEUILLY-SUR-SEINE,92200,92051,120 AVENUE CHARLES DE GAULLE,,92
817503774,81750377400033,CLIG 61 SOCIETE DU BASSIN D'ARCACHON ASSAINISSEMENT ET PAR ABREVIATION SB2A,True,0,Inscrit,"SAS, société par actions simplifiée",5710,37.00Z,Collecte et traitement des eaux usées,Collecte et traitement des eaux usées,21,50,99,2022,2015-12-29,BIGANOS,33380,33051,152 B AVENUE DE LA COTE D’ARGENT,,92
752032607,75203260700034,KYRIELYS NETTOYAGE,True,0,Inscrit,"SAS, société par actions simplifiée",5710,81.22Z,Autres activités de nettoyage des bâtiments et nettoyage industriel,Services relatifs aux bâtiments et aménagement paysager,32,250,499,2022,2012-06-01,SAINT-DENIS,93200,93066,266 JARDIN WILSON,IMMEUBLE DE STADIUM,92
341827566,34182756600074,EFFIA,True,0,Inscrit,"SAS, société par actions simplifiée",5710,70.10Z,Activités des sièges sociaux,Activités des sièges sociaux ; conseil de gestion,21,50,99,2022,1987-06-01,PARIS,75012,75112,20 RUE HECTOR MALOT,,92
712720374,71272037400016,SOKOA,True,0,Inscrit,SA à conseil d'administration (s.a.i.),5599,31.01Z,Fabrication de meubles de bureau et de magasin,Fabrication de meubles,32,250,499,2022,1971-01-01,HENDAYE,64700,64260,26 RTE DE BEHOBIE,IMMEUBLE ELKAR,92
331554071,33155407100356,LEASECOM,True,0,Inscrit,"SAS, société par actions simplifiée",5710,77.33Z,Location et location-bail de machines de bureau et de matériel informatique,Activités de location et location-bail,31,200,249,2022,1984-10-08,PARIS,75015,75115,19 RUE LEBLANC,IMMEUBLE LE PONANT,92
572169068,57216906800010,LA MODERNE SCOP ANONYME CAPITAL VARIABLE,True,0,Inscrit,SA coopérative ouvrière de production (SCOP) à conseil d'administration,5558,42.11Z,Construction de routes et autoroutes,Génie civil,21,50,99,2022,1900-01-01,BAGNEUX,92220,92007,169 AVENUE HENRI RAVERA,NUMERO 169 A 171,92
439112905,43911290500039,ECEDI,True,0,Inscrit,"SAS, société par actions simplifiée",5710,62.01Z,Programmation informatique,"Programmation, conseil et autres activités informatiques",21,50,99,2022,2001-08-03,PARIS,75011,75111,91 AVENUE DE LA REPUBLIQUE,,92
844760389,84476038900016,SONY EUROPE B.V.,True,0,Inscrit,Société commerciale étrangère immatriculée au RCS,3120,46.43Z,Commerce de gros (commerce interentreprises) d'appareils électroménagers,"Commerce de gros, à l'exception des automobiles et des motocycles",31,200,249,2022,2018-12-18,ROYAUME UNI,,,THE HEIGHTS BROOKLANDS,,92
478147101,47814710100024,MANEI LIFT,True,0,Inscrit,"SASU, société par actions simplifiée unipersonnelle",5720,43.29B,Autres travaux d'installation n.c.a.,Travaux de construction spécialisés,22,100,199,2022,2004-06-24,GENNEVILLIERS,92230,92036,10 BOULEVARD LOUISE MICHEL,10-12,92
354072092,35407209200043,GEGM,True,0,Inscrit,"SAS, société par actions simplifiée",5710,70.22Z,Conseil pour les affaires et autres conseils de gestion,Activités des sièges sociaux ; conseil de gestion,21,50,99,2022,1990-03-27,NEUILLY-SUR-SEINE,92200,92051,15 RUE MADELEINE MICHELIS,,92
397826801,39782680100029,HOLWEG GROUP,True,0,Inscrit,"SASU, société par actions simplifiée unipersonnelle",5720,28.95Z,Fabrication de machines pour les industries du papier et du carton,Fabrication de machines et équipements n.c.a.,22,100,199,2023,1994-06-23,MOLSHEIM,67120,67300,11 ROUTE INDUSTRIELLE DE LA HARDT,,92
340256619,34025661900065,GSA HEALTHCARE,True,0,Inscrit,"SAS, société par actions simplifiée",5710,73.11Z,Activités des agences de publicité,Publicité et études de marché,32,250,499,2022,1987-01-01,PARIS,75015,75115,27 RUE CAUCHY,27-29,92
400273116,40027311600063,ALBEA COSMETICS SERVICES S.A.S.,True,0,Inscrit,"SAS, société par actions simplifiée",5710,46.69C,Commerce de gros (commerce interentreprises) de fournitures et équipements divers pour le commerce et les services,"Commerce de gros, à l'exception des automobiles et des motocycles",21,50,99,2022,1995-02-10,COURBEVOIE,92400,92026,100 ESPLANADE DU GENERAL DE GAULLE,PARIS LA DEFENSE CEDEX,92
439008343,43900834300022,IDEX LA DEFENSE,True,0,Inscrit,"SAS, société par actions simplifiée",5710,35.30Z,Production et distribution de vapeur et d'air conditionné,"Production et distribution d'électricité, de gaz, de vapeur et d'air conditionné",21,50,99,2022,2001-08-27,COURBEVOIE,92400,92026,2 RUE D'ALENCON,,92
413224940,41322494000028,WAG DRIVE,True,0,Inscrit,"SAS, société par actions simplifiée",5710,56.10C,Restauration de type rapide,Restauration,21,50,99,2022,1997-07-24,GENNEVILLIERS,92230,92036,310 AVENUE MARCEL PAUL,RTE NATIONALE,92
429600158,42960015800043,MICROSOFT ENGINEERING CENTER PARIS,True,0,Inscrit,"SAS, société par actions simplifiée",5710,62.01Z,Programmation informatique,"Programmation, conseil et autres activités informatiques",22,100,199,2022,2000-02-08,ISSY-LES-MOULINEAUX,92130,92040,39 QUAI DU PRESIDENT ROOSEVELT,,92
509395570,50939557000039,IBERDROLA ENERGIE FRANCE,True,0,Inscrit,"SASU, société par actions simplifiée unipersonnelle",5720,35.14Z,Commerce d'électricité,"Production et distribution d'électricité, de gaz, de vapeur et d'air conditionné",21,50,99,2022,2008-11-28,PUTEAUX,92800,92062,5 PLACE DE LA PYRAMIDE,"TOUR ARIANE, PARI",92
333802767,33380276700025,BASF BEAUTY CARE SOLUTIONS FRANCE SAS,True,0,Inscrit,"SAS, société par actions simplifiée",5710,72.19Z,Recherche-développement en autres sciences physiques et naturelles,Recherche-développement scientifique,22,100,199,2022,1985-08-01,LYON,69007,69387,32 RUE SAINT JEAN DE DIEU,,92
838867323,83886732300126,HIVORY,True,0,Inscrit,"SAS, société par actions simplifiée",5710,77.39Z,"Location et location-bail d'autres machines, équipements et biens matériels n.c.a.",Activités de location et location-bail,21,50,99,2022,2018-04-04,BOULOGNE-BILLANCOURT,92100,92012,58 AVENUE EMILE ZOLA,,92
418474599,41847459900069,CITEGESTION,True,0,Inscrit,SA à conseil d'administration (s.a.i.),5599,58.29C,Édition de logiciels applicatifs,Édition,21,50,99,2022,1998-03-02,COURBEVOIE,92400,92026,8 AVENUE DE L'ARCHE,IMMEUBLE COLISEE GARDEN,92
493601835,49360183500058,ERES TECHNOLOGIE,True,0,Inscrit,"SAS, société par actions simplifiée",5710,62.02A,Conseil en systèmes et logiciels informatiques,"Programmation, conseil et autres activités informatiques",21,50,99,2022,2006-12-21,COURBEVOIE,92400,92026,6 RUE DU GENERAL AUDRAN,,92
479207821,47920782100030,ARVATO BAT BUSSY,True,0,Inscrit,"SASU, société par actions simplifiée unipersonnelle",5720,68.20B,Location de terrains et d'autres biens immobiliers,Activités immobilières,21,50,99,2022,2004-10-11,BUSSY-SAINT-GEORGES,77600,77058,8 AVENUE DE L'EUROPE,PARC GUSTAVE EIFFEL,92
449653724,44965372400079,NOVETUDE SANTE PRO II,True,0,Inscrit,"SASU, société par actions simplifiée unipersonnelle",5720,85.59A,Formation continue d'adultes,Enseignement,21,50,99,2023,2003-07-21,LYON,69007,69387,160 AVENUE JEAN JAURES,,92
808860316,80886031600120,ECLOR BOISSONS,True,0,Inscrit,SA à conseil d'administration (s.a.i.),5599,11.03Z,Fabrication de cidre et de vins de fruits,Fabrication de boissons,31,200,249,2023,2014-12-04,CESSON-SEVIGNE,35510,35051,3 AVENUE DE BELLE FONTAINE,BATIMENT ENERGIES A,92
503461204,50346120400078,VASSE TRANSFERT,True,0,Inscrit,"SAS, société par actions simplifiée",5710,49.42Z,Services de déménagement,Transports terrestres et transport par conduites,22,100,199,2022,2008-04-01,BEZONS,95870,95063,29 RUE CASIMIR PERIER,,92
529035701,52903570100034,KPC KEY PERFORMANCE CONSULTING,True,0,Inscrit,"SAS, société par actions simplifiée",5710,70.22Z,Conseil pour les affaires et autres conseils de gestion,Activités des sièges sociaux ; conseil de gestion,22,100,199,2023,2010-12-02,AIX-EN-PROVENCE,13080,13001,140 AVENUE DU DOUZE JUILLET 1998,LES CARRES DE L'ENFANT - BAT. C,92
321692907,32169290700025,COMPOSANTS CIRCUITS IMPRIMES EUROLAM,True,0,Inscrit,SA à conseil d'administration (s.a.i.),5599,46.69B,Commerce de gros (commerce interentreprises) de fournitures et équipements industriels divers,"Commerce de gros, à l'exception des automobiles et des motocycles",21,50,99,2022,1981-05-01,ANTONY,92160,92002,9 RUE MARCELLIN BERTHELOT,ZONE INDUSTRIELLE,92
392629085,39262908500045,BCI.III,True,0,Inscrit,"SASU, société par actions simplifiée unipersonnelle",5720,56.10C,Restauration de type rapide,Restauration,21,50,99,2022,1993-10-06,CHALON-SUR-SAONE,71100,71076,AVENUE PIERRE NUGUES,,92
305545675,30554567500046,GS1 FRANCE,True,0,Inscrit,"SAS, société par actions simplifiée",5710,82.99Z,Autres activités de soutien aux entreprises n.c.a.,Activités administratives et autres activités de soutien aux entreprises,22,100,199,2022,1972-10-10,PARIS,75009,75109,21 BOULEVARD HAUSSMANN,,92
491818365,49181836500034,CONSULTYS OUEST,True,0,Inscrit,"SAS, société par actions simplifiée",5710,71.12B,"Ingénierie, études techniques",Activités d'architecture et d'ingénierie ; activités de contrôle et analyses techniques,31,200,249,2023,2006-09-04,LOUVIERS,27400,27375,17 RUE DU PORT,,92
428738280,42873828000695,INSERT,True,0,Inscrit,SA à conseil d'administration (s.a.i.),5599,73.12Z,Régie publicitaire de médias,Publicité et études de marché,22,100,199,2023,1999-12-15,NEUILLY-SUR-SEINE,92200,92051,40 BOULEVARD DU PARC,40-52-IMMEUBLE NEWTIME,93
347582231,34758223100226,URBANIS,True,0,Inscrit,"SAS, société par actions simplifiée",5710,71.12B,"Ingénierie, études techniques",Activités d'architecture et d'ingénierie ; activités de contrôle et analyses techniques,32,250,499,2023,1988-07-01,NIMES,30900,30189,188 ALLEE DE L'AMERIQUE LATINE,,93
784652026,78465202600039,EYLAU UNILABS,True,0,Inscrit,Société d'exercice libéral par action simplifiée,5785,86.90B,Laboratoires d'analyses médicales,Activités pour la santé humaine,32,250,499,2023,1981-06-24,NEUILLY-SUR-SEINE,92200,92051,34 AVENUE DU ROULE,,93
403539729,40353972900232,B.E.C.S. BUREAU D ETUDES ET DE CONSEILS EN SECURITE,True,0,Inscrit,"SASU, société par actions simplifiée unipersonnelle",5720,71.12B,"Ingénierie, études techniques",Activités d'architecture et d'ingénierie ; activités de contrôle et analyses techniques,21,50,99,2023,1995-12-15,MONTROUGE,92120,92049,75 AVENUE HENRI GINOUX,,93
572139772,57213977200030,GROUPE LOISELEUR GRAND PARIS SUD,True,0,Inscrit,"SAS, société par actions simplifiée",5710,81.30Z,Services d'aménagement paysager,Services relatifs aux bâtiments et aménagement paysager,21,50,99,2022,1957-01-01,MANDRES-LES-ROSES,94520,94047,5 B RUE AUGUSTE DUPIN,5-5BIS -5TER,93
689800225,68980022501227,BOCAGE,True,0,Inscrit,"SASU, société par actions simplifiée unipersonnelle",5720,47.72A,Commerce de détail de la chaussure,"Commerce de détail, à l'exception des automobiles et des motocycles",31,200,249,2023,1968-01-01,MONTREVAULT-SUR-EVRE,49110,49218,SAINT PIERRE MONTLIMART,,93
531918456,53191845600017,GANTOIS INDUSTRIES,True,0,Inscrit,"SASU, société par actions simplifiée unipersonnelle",5720,25.99B,Fabrication d'autres articles métalliques,"Fabrication de produits métalliques, à l'exception des machines et des équipements",22,100,199,2022,2011-05-01,SAINT-DIE-DES-VOSGES,88100,88413,25 RUE DES 4 FRERES MOUGEOTTE,,93
528248750,52824875000036,CASTOR &  POLLUX,True,0,Inscrit,"SAS, société par actions simplifiée",5710,73.11Z,Activités des agences de publicité,Publicité et études de marché,21,50,99,2022,2010-10-26,MONTREUIL,93100,93048,72 AVENUE PASTEUR,63 RUE ALEXIS LEPERE,93
562035311,56203531100017,CRAZY ENTERTAINMENT,True,0,Inscrit,"SAS, société par actions simplifiée",5710,90.04Z,Gestion de salles de spectacles,"Activités créatives, artistiques et de spectacle",21,50,99,2022,1956-01-01,PARIS,75008,75108,12 AVENUE GEORGE V,,93
439202698,43920269800031,TESSI CHEQUE ILE DE FRANCE,True,0,Inscrit,"SAS, société par actions simplifiée",5710,63.11Z,"Traitement de données, hébergement et activités connexes",Services d'information,22,100,199,2022,2001-09-01,MONTREUIL,93100,93048,240 RUE DE ROSNY,,93
410658223,41065822300020,CONFIANCE SERVICES & NETTOYAGE,True,0,Inscrit,"SARL, société à responsabilité limitée",5499,81.21Z,Nettoyage courant des bâtiments,Services relatifs aux bâtiments et aménagement paysager,22,100,199,2022,1997-01-14,PANTIN,93500,93055,32 RUE DELIZY,,93
535205660,53520566000025,COMPAGNIE DES ARTS DE LA TABLE ET DE L'EMAIL,True,0,Inscrit,"SASU, société par actions simplifiée unipersonnelle",5720,32.13Z,Fabrication d'articles de bijouterie fantaisie et articles similaires,Autres industries manufacturières,31,200,249,2022,2011-10-06,NONTRON,24300,24311,ROUTE DE PIEGUT,,93
384326468,38432646800517,CAP INGELEC ,True,0,Inscrit,"SAS, société par actions simplifiée",5710,71.12B,"Ingénierie, études techniques",Activités d'architecture et d'ingénierie ; activités de contrôle et analyses techniques,32,250,499,2023,1992-01-06,MERIGNAC,33700,33281,7 ALLEE DES ACACIAS,,93
348417692,34841769200012,TRATO INDUSTRIES SA,True,0,Inscrit,"SAS, société par actions simplifiée",5710,27.40Z,Fabrication d'appareils d'éclairage électrique,Fabrication d'équipements électriques,22,100,199,2022,1988-06-27,ROUBAIX,59100,59512,22 RUE MOLIERE,,93
441059763,44105976300025,CLIPPER TECHNOLOGIES,True,0,Inscrit,"SAS, société par actions simplifiée",5710,62.02B,Tierce maintenance de systèmes et d'applications informatiques,"Programmation, conseil et autres activités informatiques",22,100,199,2023,2002-02-18,ROISSY-EN-FRANCE,95700,95527,165 AVENUE DU BOIS DE LA PIE,,93
399251859,39925185900019,ROSNY DRIVE,True,0,Inscrit,"SAS, société par actions simplifiée",5710,56.10C,Restauration de type rapide,Restauration,21,50,99,2023,1994-12-13,ROSNY-SOUS-BOIS,93110,93064,190 AVENUE DU GENERAL DE GAULLE,CTRE COMMERCIAL ROSNY 2,93
441884491,44188449100016,MA FRANCE,True,0,Inscrit,"SAS, société par actions simplifiée",5710,25.50B,"Découpage, emboutissage","Fabrication de produits métalliques, à l'exception des machines et des équipements",32,250,499,2022,2002-05-01,AULNAY-SOUS-BOIS,93600,93005,BOULEVARD ANDRE CITROEN,,93
489891770,48989177000013,APETIS ASSOCIATION DES PARENTS ET DES ENSEIGNANTS POUR LE TRAITEMENT DES INADAPTATIONS SCOLAIRES,True,0,Non inscrit,Association déclarée,9220,88.99B,Action sociale sans hébergement n.c.a.,Action sociale sans hébergement,21,50,99,2022,2006-01-01,AUBERVILLIERS,93300,93001,2 RUE DE LA COMMUNE DE PARIS,MAIRIE D'AUBERVILLIERS,93
314775495,31477549500026,SOC CENTRALE CANINE AMELIOR RACES CHIENS,True,0,Non inscrit,"Association déclarée, reconnue d'utilité publique",9230,94.99Z,Autres organisations fonctionnant par adhésion volontaire,Activités des organisations associatives,21,50,99,2022,1979-01-01,AUBERVILLIERS,93300,93001,155 AVENUE JEAN JAURES,,93
841163629,84116362900014,MEDIKSANTE,True,0,Non inscrit,Association déclarée,9220,86.21Z,Activité des médecins généralistes,Activités pour la santé humaine,32,250,499,2022,2018-03-13,PARIS,75017,75117,206 BOULEVARD PEREIRE,,93
199311903,19931190300017,COLLEGE EVARISTE GALOIS,True,0,Non inscrit,Établissement public local d'enseignement,7331,85.31Z,Enseignement secondaire général,Enseignement,21,50,99,2022,1970-03-25,SEVRAN,93270,93071,AVENUE DUMONT D'URVILLE,,93
199322256,19932225600017,COLLEGE CAMILLE CLAUDEL,True,0,Non inscrit,Établissement public local d'enseignement,7331,85.31Z,Enseignement secondaire général,Enseignement,21,50,99,2022,1997-09-01,VILLEPINTE,93420,93078,36 AVENUE DU REVE,,93
199311432,19931143200017,COLLEGE JEAN JAURES,True,0,Non inscrit,Établissement public local d'enseignement,7331,85.31Z,Enseignement secondaire général,Enseignement,21,50,99,2022,1969-04-03,SAINT-OUEN-SUR-SEINE,93400,93070,9 PLACE JEAN JAURES,,93
521016469,52101646900020,CLICHY VICTOR HUGO,True,0,Inscrit,"SAS, société par actions simplifiée",5710,55.10Z,Hôtels et hébergement similaire,Hébergement,21,50,99,2022,2010-03-04,CLICHY,92110,92024,2 RUE DU 8 MAI 1945,,93
518201744,51820174400019,EES - SIDF EIFFAGE ENERGIE SYSTEMES - SERVICES IDF,True,0,Inscrit,"SAS, société par actions simplifiée",5710,43.22B,Travaux d'installation d'équipements thermiques et de climatisation,Travaux de construction spécialisés,32,250,499,2022,2009-10-29,SAINT-DENIS,93200,93066,117 RUE DU LANDY,,93
411795859,41179585900049,LES MANUFACTURES D'AUVERGNE,True,0,Inscrit,"SAS, société par actions simplifiée",5710,15.12Z,"Fabrication d'articles de voyage, de maroquinerie et de sellerie",Industrie du cuir et de la chaussure,32,250,499,2022,1997-04-08,SAYAT,63530,63417,RTE DE VOLVIC,BATIMENT ADMINISTRATIF,93
349557934,34955793400024,HOLDER,True,0,Inscrit,"SAS, société par actions simplifiée",5710,70.10Z,Activités des sièges sociaux,Activités des sièges sociaux ; conseil de gestion,22,100,199,2022,1989-01-01,MARCQ-EN-BARŒUL,59700,59378,344 AVENUE DE LA MARNE,BATIMENT C,93
452137755,45213775500040,MAJUSCULE SERVICES,True,0,Inscrit,"SARL, société à responsabilité limitée",5499,88.10A,Aide à domicile,Action sociale sans hébergement,21,50,99,2022,2004-03-16,MONTFERMEIL,93370,93047,38 RUE HENRI BARBUSSE,,93
349407833,34940783300046,EURODIFROID,True,0,Inscrit,"SAS, société par actions simplifiée",5710,46.69B,Commerce de gros (commerce interentreprises) de fournitures et équipements industriels divers,"Commerce de gros, à l'exception des automobiles et des motocycles",21,50,99,2022,1989-01-23,SEICHES-SUR-LE-LOIR,49140,49333,ZI DE LA SUZEROLLE,ZONE INDUSTRIELLE DE LA SUZEROLLE,93
340175777,34017577700119,BOSCH AUTOMOTIVE SERVICE SOLUTIONS,True,0,Inscrit,"SASU, société par actions simplifiée unipersonnelle",5720,26.51B,Fabrication d'instrumentation scientifique et technique,"Fabrication de produits informatiques, électroniques et optiques",22,100,199,2022,1986-12-10,SAINT-OUEN-SUR-SEINE,93400,93070,32 AVENUE MICHELET,,93
529859241,52985924100042,JOHN COCKERILL HAMON,True,0,Inscrit,"SAS, société par actions simplifiée",5710,28.25Z,Fabrication d'équipements aérauliques et frigorifiques industriels,Fabrication de machines et équipements n.c.a.,22,100,199,2023,2010-12-08,SAINT-DENIS,93200,93066,2 RUE MICHAEL FARADAY,IMMEUBLE SPALLIS,93
552020919,55202091900858,DSV ROAD,True,0,Inscrit,"SAS, société par actions simplifiée",5710,52.29B,Affrètement et organisation des transports,Entreposage et services auxiliaires des transports,32,250,499,2023,1955-01-01,GENNEVILLIERS,92230,92036,19 CHEMIN DES PETITS MARAIS,19-23,93
388626707,38862670700037,ISLA MONDIAL,True,0,Inscrit,"SAS, société par actions simplifiée",5710,46.32B,Commerce de gros (commerce interentreprises) de produits à base de viande,"Commerce de gros, à l'exception des automobiles et des motocycles",22,100,199,2023,1992-09-23,AUBERVILLIERS,93300,93001,61 RUE DU LANDY,,93
189300189,18930018900017,GIP IFITS INSTITUT DE FORMATION INTERHOSPITALIER THEODORE SIMON,True,0,Non inscrit,"GIP, groupement d'intérêt public",7410,85.42Z,Enseignement supérieur,Enseignement,22,100,199,2022,2002-12-02,NEUILLY-SUR-MARNE,93330,93050,19 AVENUE DE MAISON BLANCHE,,93
490957628,49095762800202,I.M.C.TELECOM,True,0,Inscrit,"SAS, société par actions simplifiée",5710,43.21A,Travaux d'installation électrique dans tous locaux,Travaux de construction spécialisés,21,50,99,2023,2006-06-29,LES PAVILLONS-SOUS-BOIS,93320,93057,14 ALLEE DE DUBLIN,,93
675520415,67552041500018,SICAME SOC INDUST CONSTR APPAREI MATERIEL ELECT,True,0,Inscrit,"SAS, société par actions simplifiée",5710,27.12Z,Fabrication de matériel de distribution et de commande électrique,Fabrication d'équipements électriques,32,250,499,2022,1955-01-01,ARNAC-POMPADOUR,19230,19011,1 AVENUE BASILE LACHAUD,,94
342438785,34243878500038,ALBEA SIMANDRE,True,0,Inscrit,"SASU, société par actions simplifiée unipersonnelle",5720,22.22Z,Fabrication d'emballages en matières plastiques,Fabrication de produits en caoutchouc et en plastique,31,200,249,2023,1987-09-01,SIMANDRE,71290,71522,ZONE INDUSTRIELLE,,94
520664475,52066447500016,BONN DRIVE,True,0,Inscrit,"SARL, société à responsabilité limitée",5499,47.91A,Vente à distance sur catalogue général,"Commerce de détail, à l'exception des automobiles et des motocycles",21,50,99,2022,2010-02-24,BONNEUIL-SUR-MARNE,94380,94011,1 AVENUE DU BICENTENAIRE 1789 1989,1-3,94
789816717,78981671700027,MONTEDIS,True,0,Inscrit,"SAS, société par actions simplifiée",5710,47.11F,Hypermarchés,"Commerce de détail, à l'exception des automobiles et des motocycles",22,100,199,2022,2012-11-08,MONTEVRAIN,77144,77307,RUE DU CLOS ROSE,ZAE DU CLOS DU CHENE,94
891678971,89167897100013,POKE HOUSE FRANCE,True,0,Inscrit,"SASU, société par actions simplifiée unipersonnelle",5720,56.10C,Restauration de type rapide,Restauration,21,50,99,2022,2020-11-27,PARIS,75008,75108,78 AVENUE DES CHAMPS ELYSEES,BUREAU 562,94
799676317,79967631700024,ACDSO ASSOCIATION COOPERATIVE DE DENTISTES SPECIALISES ET OMNIPRATICIENS,True,0,Non inscrit,Association déclarée,9220,86.23Z,Pratique dentaire,Activités pour la santé humaine,21,50,99,2022,2013-11-22,SAINT-DENIS,93200,93066,8 RUE BRISE ECHALAS,,94
840421788,84042178800026,HB TRANSPORT,True,0,Inscrit,"SARL, société à responsabilité limitée",5499,49.41B,Transports routiers de fret de proximité,Transports terrestres et transport par conduites,22,100,199,2022,2018-06-01,THIAIS,94320,94073,AVENUE DE L’EUROPE,6EME ETAGE TOUR EUROPA,94
784405821,78440582100033,FFA FEDERATION FRANCAISE AVIRON,True,0,Non inscrit,"Association déclarée, reconnue d'utilité publique",9230,85.51Z,Enseignement de disciplines sportives et d'activités de loisirs,Enseignement,21,50,99,2022,1983-09-27,NOGENT-SUR-MARNE,94130,94052,17 BOULEVARD DE LA MARNE,,94
437612567,43761256700036,ASP 94,True,0,Non inscrit,Association déclarée,9220,88.10A,Aide à domicile,Action sociale sans hébergement,22,100,199,2022,2000-12-18,BOISSY-SAINT-LEGER,94470,94004,1 RUE DE PARIS,BATIMENT 3,94
562086330,56208633000064,VIRAX S A,True,0,Inscrit,"SAS, société par actions simplifiée",5710,25.73B,Fabrication d'autres outillages,"Fabrication de produits métalliques, à l'exception des machines et des équipements",22,100,199,2022,1965-01-01,EPERNAY,51200,51230,39 QUAI DE LA MARNE,041,94
199412214,19941221400017,CLG COLLEGE ALBERT CAMUS,True,0,Non inscrit,Établissement public local d'enseignement,7331,85.31Z,Enseignement secondaire général,Enseignement,21,50,99,2022,1971-03-10,LE PLESSIS-TREVISE,94420,94059,4 AVENUE ALBERT CAMUS,,94
352515316,35251531600011,TRANSPORTS CORDIER,True,0,Inscrit,"SASU, société par actions simplifiée unipersonnelle",5720,49.41A,Transports routiers de fret interurbains,Transports terrestres et transport par conduites,32,250,499,2023,1989-05-01,IS-SUR-TILLE,21120,21317,RUE FRANCOIS MITTERRAND,,94
403080823,40308082300244,GROUPE MONITEUR,True,0,Inscrit,"SAS, société par actions simplifiée",5710,58.14Z,Édition de revues et périodiques,Édition,32,250,499,2022,1995-12-04,GENTILLY,94250,94037,20 RUE DES AQUEDUCS,,94
326767597,32676759700205,HEXAGON METROLOGY SAS,True,0,Inscrit,"SAS, société par actions simplifiée",5710,26.51B,Fabrication d'instrumentation scientifique et technique,"Fabrication de produits informatiques, électroniques et optiques",22,100,199,2022,1983-02-15,SAINT-AUBIN,91190,91538,ROUTE DE L’ORME DES MERISIERS,IM LE DISCOVERY PARC TEC,94
480571280,48057128000027,- 18 °,True,0,Inscrit,"SAS, société par actions simplifiée",5710,10.52Z,Fabrication de glaces et sorbets,Industries alimentaires,21,50,99,2022,2005-01-03,ORLY,94310,94054,13 CHEMIN DES CHAUDRONNIERS,,94
784346983,78434698300017,CENTRE INTER MEDECINE TRAVAIL,True,0,Non inscrit,Association déclarée,9220,86.21Z,Activité des médecins généralistes,Activités pour la santé humaine,32,250,499,2023,1900-01-01,PARIS,75008,75108,26 RUE MARBEUF,,94
837756063,83775606300058,MDB,True,0,Inscrit,"SAS, société par actions simplifiée",5710,43.32A,Travaux de menuiserie bois et PVC,Travaux de construction spécialisés,22,100,199,2022,2017-12-26,VILLEJUIF,94800,94076,1 RUE JEAN JAURES,,94
841088420,84108842000028,SERPOLLET ILE DE FRANCE,True,0,Inscrit,"SAS, société par actions simplifiée",5710,43.12A,Travaux de terrassement courants et travaux préparatoires,Travaux de construction spécialisés,31,200,249,2022,2018-07-10,ORMOY,91540,91468,4 RUE DE LA BELLE ETOILE,,94
509432902,50943290200625,ABSKILL I,True,0,Inscrit,"SAS, société par actions simplifiée",5710,85.53Z,Enseignement de la conduite,Enseignement,32,250,499,2023,2008-12-12,PARIS,75017,75117,46 AVENUE DE VILLIERS,,94
353169105,35316910500049,DIB PRODUCTION,True,0,Inscrit,"SASU, société par actions simplifiée unipersonnelle",5720,43.32B,Travaux de menuiserie métallique et serrurerie,Travaux de construction spécialisés,21,50,99,2022,1990-01-01,SENNECEY-LES-DIJON,21800,21605,2 RUE JOSEPH MARIE JACQUARD,,94
421287178,42128717800287,DEGREMONT FRANCE,True,0,Inscrit,"SASU, société par actions simplifiée unipersonnelle",5720,71.12B,"Ingénierie, études techniques",Activités d'architecture et d'ingénierie ; activités de contrôle et analyses techniques,21,50,99,2022,1998-12-24,PUTEAUX,92800,92062,4 PLACE DE LA PYRAMIDE,ALTIPLANO,94
799295746,79929574600033,FAST FOOD FACTORY,True,0,Inscrit,"SAS, société par actions simplifiée",5710,56.10C,Restauration de type rapide,Restauration,21,50,99,2022,2013-12-12,VILLIERS-SUR-MARNE,94350,94079,48 ROUTE DE BRY,ZAC DES PORTES DE VILLIERS BD MONNET,94
419998257,41999825700069,AQUARELLE.COM,True,0,Inscrit,"SASU, société par actions simplifiée unipersonnelle",5720,47.91B,Vente à distance sur catalogue spécialisé,"Commerce de détail, à l'exception des automobiles et des motocycles",21,50,99,2022,1998-04-01,LEVALLOIS-PERRET,92300,92044,39 RUE ANATOLE FRANCE,,94
702041526,70204152600378,BONPOINT,True,0,Inscrit,"SASU, société par actions simplifiée unipersonnelle",5720,14.13Z,Fabrication de vêtements de dessus,Industrie de l'habillement,22,100,199,2022,1970-01-01,PARIS,75016,75116,62 AVENUE D'IENA,,94
404498628,40449862800019,FRIGO TRANSPORTS 94,True,0,Inscrit,"SAS, société par actions simplifiée",5710,49.41B,Transports routiers de fret de proximité,Transports terrestres et transport par conduites,21,50,99,2022,1996-04-01,GUIDEL,56520,56078,ROUTE DE GESTEL,,94
732035993,73203599300128,FONCIA AGENCE CENTRALE,True,0,Inscrit,"SASU, société par actions simplifiée unipersonnelle",5720,68.32A,Administration d'immeubles et autres biens immobiliers,Activités immobilières,21,50,99,2022,1973-01-01,MONTROUGE,92120,92049,40 RUE GABRIEL PERI,,94
648202216,64820221600053,TPI ALBEA SERVICES,True,0,Inscrit,"SASU, société par actions simplifiée unipersonnelle",5720,22.22Z,Fabrication d'emballages en matières plastiques,Fabrication de produits en caoutchouc et en plastique,22,100,199,2022,1964-01-01,COURBEVOIE,92400,92026,100 ESPLANADE DU GENERAL DE GAULLE,PARIS LA DEFENSE CEDEX,94
381172360,38117236000038,ATELIER MERIGUET CARRERE,True,0,Inscrit,"SASU, société par actions simplifiée unipersonnelle",5720,43.34Z,Travaux de peinture et vitrerie,Travaux de construction spécialisés,21,50,99,2022,1991-02-14,PARIS,75003,75103,12 RUE DU PARC ROYAL,,94
726480189,72648018900075,TRANSPORTS BONNARD,True,0,Inscrit,"SAS, société par actions simplifiée",5710,49.41A,Transports routiers de fret interurbains,Transports terrestres et transport par conduites,22,100,199,2023,1964-01-01,SAINT-FORGEUX,69490,69200,ZI DU MORTIER,,94
433962586,43396258600015,VWSTS VEOLIA WATER SOLUTIONS & TECHNOLOGIES SUPPORT,True,0,Inscrit,"SAS, société par actions simplifiée",5710,70.10Z,Activités des sièges sociaux,Activités des sièges sociaux ; conseil de gestion,32,250,499,2022,2000-12-15,SAINT-MAURICE,94410,94069,1 PLACE MONTGOLFIER,IMMEUBLE L'AQUARENE,94
609801535,60980153500012,LA CENTRALE INCENDIE ETABLISSEMENTS DUBERNARD,True,0,Inscrit,"SAS, société par actions simplifiée",5710,33.12Z,Réparation de machines et équipements mécaniques,Réparation et installation de machines et d'équipements,21,50,99,2023,1946-08-02,HOUILLES,78800,78311,29 RUE MOZART,,95
340140102,34014010200039,CTV C T V,True,0,Inscrit,"SAS, société par actions simplifiée",5710,62.02A,Conseil en systèmes et logiciels informatiques,"Programmation, conseil et autres activités informatiques",22,100,199,2023,1986-11-01,MOUILLERON-LE-CAPTIF,85000,85155,7 ALLEE DE LA CIBOIRE,PARC D'ACTIVITES BEAUPUY,95
353782410,35378241000024,SOLMAX FRANCE,True,0,Inscrit,"SAS, société par actions simplifiée",5710,13.95Z,"Fabrication de non-tissés, sauf habillement",Fabrication de textiles,21,50,99,2022,1990-01-17,BEZONS,95870,95063,9 RUE MARCEL PAUL,CITE INDUSTRIELLE,95
525720405,52572040500030,PGS PREVOTE GESTION SERVICE,True,0,Inscrit,SA à conseil d'administration (s.a.i.),5599,70.10Z,Activités des sièges sociaux,Activités des sièges sociaux ; conseil de gestion,21,50,99,2022,1957-01-01,MERU,60110,60395,46 RUE ARISTIDE BRIAND,,95
384335527,38433552700097,TENEO,True,0,Inscrit,"EURL, entreprise unipersonnelle à responsabilité limitée",5498,71.20B,"Analyses, essais et inspections techniques",Activités d'architecture et d'ingénierie ; activités de contrôle et analyses techniques,22,100,199,2022,1992-01-01,BRIGNAIS,69530,69027,400 RUE BARTHELEMY THIMONNIER,ZA SACUNY,95
833297922,83329792200035,AUREKA GROUP,True,0,Inscrit,"SASU, société par actions simplifiée unipersonnelle",5720,70.22Z,Conseil pour les affaires et autres conseils de gestion,Activités des sièges sociaux ; conseil de gestion,22,100,199,2023,2017-11-07,PONTOISE,95300,95500,24 RUE DE GISORS,,95
688202670,68820267000016,GGB GARAGE DE LA GARE DE BEAUCHAMP,True,0,Inscrit,"SAS, société par actions simplifiée",5710,45.11Z,Commerce de voitures et de véhicules automobiles légers,Commerce et réparation d'automobiles et de motocycles,21,50,99,2023,1968-01-01,PIERRELAYE,95220,95488,117 AVENUE DE LA LIBERATION,,95
485087027,48508702700028,DESTOCK FRESH CUSTOMS LOGISTICS,True,0,Inscrit,"SASU, société par actions simplifiée unipersonnelle",5720,52.10B,Entreposage et stockage non frigorifique,Entreposage et services auxiliaires des transports,21,50,99,2023,2005-10-21,LOON-PLAGE,59279,59359,ROUTE DE LA MAISON BLANCHE,,95
894679430,89467943000039,KOM TRANSPORT,True,0,Inscrit,"SARL, société à responsabilité limitée",5499,49.41A,Transports routiers de fret interurbains,Transports terrestres et transport par conduites,21,50,99,2023,2021-03-03,TREMBLAY-EN-FRANCE,93290,93073,1 RUE DE LA HAYE,LE DOME BP 12910,95
562064972,56206497200051,SITOUR,True,0,Inscrit,"SASU, société par actions simplifiée unipersonnelle",5720,22.29B,Fabrication de produits de consommation courante en matières plastiques,Fabrication de produits en caoutchouc et en plastique,22,100,199,2022,1900-01-01,CORMEILLES-EN-PARISIS,95240,95176,15 RUE GEORGES MELIES,ZAC DES BOIS ROCHEFORT,95
199509373,19950937300015,COLLEGE LES TOULEUSES,True,0,Non inscrit,Établissement public local d'enseignement,7331,85.31Z,Enseignement secondaire général,Enseignement,22,100,199,2022,1970-03-24,CERGY,95000,95127,1 AVENUE DU BOIS,,95
403198682,40319868200185,CALLIOPE BUSINESS SOLUTIONS,True,0,Inscrit,"SAS, société par actions simplifiée",5710,62.02A,Conseil en systèmes et logiciels informatiques,"Programmation, conseil et autres activités informatiques",22,100,199,2023,1995-12-15,MAISONS-LAFFITTE,78600,78358,22 RUE GUYNEMER,,95
377847611,37784761100011,PASQUET DIFFUSION,True,0,Inscrit,"SAS, société par actions simplifiée",5710,46.73A,Commerce de gros (commerce interentreprises) de bois et de matériaux de construction,"Commerce de gros, à l'exception des automobiles et des motocycles",22,100,199,2023,1990-04-01,ARGENTRE-DU-PLESSIS,35370,35006,31 BOULEVARD DES SAULNIERS,,95
400370961,40037096100031,GROUPE TEXTILE FINANCE,True,0,Inscrit,"SAS, société par actions simplifiée",5710,70.10Z,Activités des sièges sociaux,Activités des sièges sociaux ; conseil de gestion,22,100,199,2022,1995-03-01,SARCELLES,95200,95585,7 RUE DU VIGNOLLE,,95
823822663,82382266300030,TRIPARTY,True,0,Inscrit,"SAS, société par actions simplifiée",5710,90.02Z,Activités de soutien au spectacle vivant,"Activités créatives, artistiques et de spectacle",21,50,99,2023,2016-11-21,ASNIERES-SUR-SEINE,92600,92004,1 RUE D’ANJOU,BAT B,95
880892518,88089251800031,MANTES EXPLOITATION,True,0,Inscrit,"SAS, société par actions simplifiée",5710,47.11D,Supermarchés,"Commerce de détail, à l'exception des automobiles et des motocycles",21,50,99,2022,2020-01-24,MANTES-LA-VILLE,78711,78362,87 BOULEVARD ROGER SALENGRO,,95
447649898,44764989800312,CITY SPORT,True,0,Inscrit,"SAS, société par actions simplifiée",5710,47.64Z,Commerce de détail d'articles de sport en magasin spécialisé,"Commerce de détail, à l'exception des automobiles et des motocycles",21,50,99,2022,2003-01-01,BEAUSOLEIL,06240,06012,33 BOULEVARD DU GENERAL LECLERC,C/O ASCOT DOMICILIATION,95
998724504,99872450400688,ELIDIS BOISSONS SERVICES,True,0,Inscrit,"SAS, société par actions simplifiée",5710,46.34Z,Commerce de gros (commerce interentreprises) de boissons,"Commerce de gros, à l'exception des automobiles et des motocycles",21,50,99,2022,1976-01-01,GELLAINVILLE,28630,28177,4 RUE JOSEPH CUGNOT,,95
420879140,42087914000176,FAURECIA INDUSTRIES,True,0,Inscrit,"SAS, société par actions simplifiée",5710,29.32Z,Fabrication d'autres équipements automobiles,Industrie automobile,32,250,499,2022,1998-11-05,NANTERRE,92000,92050,23 AVENUE DES CHAMPS PIERREUX,23-27,95
317410249,31741024900039,GRUEL FAYER,True,0,Inscrit,"SAS, société par actions simplifiée",5710,46.75Z,Commerce de gros (commerce interentreprises) de produits chimiques,"Commerce de gros, à l'exception des automobiles et des motocycles",21,50,99,2022,1979-01-01,CHATEAUBOURG,35220,35068,14 RUE DE LA ROUYARDIERE,,95
453659658,45365965800042,ALCYON,True,0,Inscrit,"SAS, société par actions simplifiée",5710,69.20Z,Activités comptables,Activités comptables,21,50,99,2023,2004-05-24,DOMONT,95330,95199,9 B RUE DE LA BRIQUETERIE,ZAE DES FAUVETTES,95
438052219,43805221900039,"CHRONOS INTERIM, SOCIETE COOPERATIVE ET PARTICIPATIVE, A RESPONSABILITE LIMITEE, A CAPITAL VARIABLE",True,0,Inscrit,Autre SARL coopérative,5460,78.20Z,Activités des agences de travail temporaire,Activités liées à l'emploi,21,50,99,2022,2001-06-18,MOULINS,03000,03190,6 RUE DU 4 SEPTEMBRE,,95
827776162,82777616200014,SAS D.A.T,True,0,Inscrit,"SAS, société par actions simplifiée",5710,62.01Z,Programmation informatique,"Programmation, conseil et autres activités informatiques",21,50,99,2022,2017-01-25,PARIS,75001,75101,259 RUE SAINT-HONORE,,95
832727119,83272711900014,SNB,True,0,Inscrit,"SASU, société par actions simplifiée unipersonnelle",5720,81.21Z,Nettoyage courant des bâtiments,Services relatifs aux bâtiments et aménagement paysager,21,50,99,2022,2017-10-02,LA FRETTE-SUR-SEINE,95530,95257,2 RUE PASTEUR,,95
499637403,49963740300068,SOS ACCESSOIRE,True,0,Inscrit,"SAS, société par actions simplifiée",5710,47.91B,Vente à distance sur catalogue spécialisé,"Commerce de détail, à l'exception des automobiles et des motocycles",21,50,99,2022,2007-09-12,BORDEAUX,33000,33063,1 COURS ARISTIDE BRIAND,,95
400874962,40087496200030,SEBBAN TRANSPORTS S.A.,True,0,Inscrit,"SAS, société par actions simplifiée",5710,49.41A,Transports routiers de fret interurbains,Transports terrestres et transport par conduites,22,100,199,2023,1995-04-01,ROISSY-EN-FRANCE,95700,95527,25 RUE DU NOYER,ROISSY PARK-ZAC DU MOULIN - BAT LE TR,95
199507484,19950748400012,COLLEGE WANDA LANDOWSKA,True,0,Non inscrit,Établissement public local d'enseignement,7331,85.31Z,Enseignement secondaire général,Enseignement,21,50,99,2022,1968-04-26,SAINT-LEU-LA-FORET,95320,95563,8 AVENUE DES DIABLOTS,,95
199516725,19951672500017,COLLEGE LEONARD DE VINCI,True,0,Non inscrit,Établissement public local d'enseignement,7331,85.31Z,Enseignement secondaire général,Enseignement,21,50,99,2022,1986-09-01,ERAGNY,95610,95218,79 RUE DE PIERRELAYE,LA BUTTE,95
775689078,77568907800019,OCCE OFFICE CENTRAL DE COOPERATION A L ECOLE,True,0,Non inscrit,"Association déclarée, reconnue d'utilité publique",9230,94.99Z,Autres organisations fonctionnant par adhésion volontaire,Activités des organisations associatives,22,100,199,2023,1976-06-20,PARIS,75016,75116,101 B RUE DU RANELAGH,,95
552130296,55213029600122,GFF GENERALE FRIGORIFIQUE,True,0,Inscrit,"SASU, société par actions simplifiée unipersonnelle",5720,46.69B,Commerce de gros (commerce interentreprises) de fournitures et équipements industriels divers,"Commerce de gros, à l'exception des automobiles et des motocycles",32,250,499,2023,1955-01-01,SAINT-BONNET-DE-MURE,69720,69287,12 RUE DES FRERES LUMIERE,,95
580201127,58020112700017,SADA SA DEFENSE ET D ASSURANCES,True,0,Inscrit,SA à directoire (s.a.i.),5699,65.12Z,Autres assurances,Assurance,22,100,199,2022,1958-01-01,NIMES,30000,30189,4 RUE SCATISSE,,95
